Feature,P-Value,Bonferroni Corrected P-Value
GO:0000006,1.0,1.0
GO:0000014,1.0,1.0
GO:0000015,1.0,1.0
GO:0000018,1.0,1.0
GO:0000023,1.0,1.0
GO:0000025,1.0,1.0
GO:0000027,1.0,1.0
GO:0000028,0.3571428571428571,1.0
GO:0000030,1.0,1.0
GO:0000034,1.0,1.0
GO:0000035,1.0,1.0
GO:0000036,1.0,1.0
GO:0000049,0.5505798969072165,1.0
GO:0000050,1.0,1.0
GO:0000053,1.0,1.0
GO:0000062,1.0,1.0
GO:0000096,1.0,1.0
GO:0000099,1.0,1.0
GO:0000100,1.0,1.0
GO:0000101,1.0,1.0
GO:0000102,1.0,1.0
GO:0000103,1.0,1.0
GO:0000104,1.0,1.0
GO:0000105,1.0,1.0
GO:0000107,1.0,1.0
GO:0000150,1.0,1.0
GO:0000154,1.0,1.0
GO:0000155,1.0,1.0
GO:0000156,1.0,1.0
GO:0000160,1.0,1.0
GO:0000162,1.0,1.0
GO:0000166,1.0,1.0
GO:0000175,1.0,1.0
GO:0000179,1.0,1.0
GO:0000210,1.0,1.0
GO:0000215,1.0,1.0
GO:0000217,1.0,1.0
GO:0000256,1.0,1.0
GO:0000270,1.0,1.0
GO:0000271,0.3571428571428571,1.0
GO:0000272,1.0,1.0
GO:0000287,1.0,1.0
GO:0000293,1.0,1.0
GO:0000302,1.0,1.0
GO:0000303,1.0,1.0
GO:0000309,1.0,1.0
GO:0000310,1.0,1.0
GO:0000345,1.0,1.0
GO:0000372,1.0,1.0
GO:0000400,1.0,1.0
GO:0000405,1.0,1.0
GO:0000408,1.0,1.0
GO:0000428,1.0,1.0
GO:0000451,1.0,1.0
GO:0000455,1.0,1.0
GO:0000470,1.0,1.0
GO:0000481,1.0,1.0
GO:0000700,1.0,1.0
GO:0000701,1.0,1.0
GO:0000703,1.0,1.0
GO:0000715,1.0,1.0
GO:0000716,1.0,1.0
GO:0000717,1.0,1.0
GO:0000719,1.0,1.0
GO:0000724,1.0,1.0
GO:0000725,1.0,1.0
GO:0000731,1.0,1.0
GO:0000774,1.0,1.0
GO:0000786,1.0,1.0
GO:0000796,1.0,1.0
GO:0000810,1.0,1.0
GO:0000820,1.0,1.0
GO:0000900,1.0,1.0
GO:0000902,1.0,1.0
GO:0000906,1.0,1.0
GO:0000908,1.0,1.0
GO:0000910,1.0,1.0
GO:0000917,1.0,1.0
GO:0000918,1.0,1.0
GO:0000920,1.0,1.0
GO:0000921,1.0,1.0
GO:0000935,1.0,1.0
GO:0000967,1.0,1.0
GO:0000976,1.0,1.0
GO:0000987,0.3571428571428571,1.0
GO:0001000,0.3571428571428571,1.0
GO:0001046,1.0,1.0
GO:0001070,1.0,1.0
GO:0001072,1.0,1.0
GO:0001073,0.3571428571428571,1.0
GO:0001108,1.0,1.0
GO:0001216,1.0,1.0
GO:0001217,1.0,1.0
GO:0001406,1.0,1.0
GO:0001407,1.0,1.0
GO:0001510,0.3571428571428571,1.0
GO:0001514,1.0,1.0
GO:0001522,1.0,1.0
GO:0001530,1.0,1.0
GO:0001558,1.0,1.0
GO:0001561,1.0,1.0
GO:0001618,1.0,1.0
GO:0001671,1.0,1.0
GO:0001676,1.0,1.0
GO:0001680,1.0,1.0
GO:0001681,1.0,1.0
GO:0001682,1.0,1.0
GO:0001717,1.0,1.0
GO:0001727,1.0,1.0
GO:0001731,1.0,1.0
GO:0001761,1.0,1.0
GO:0001762,1.0,1.0
GO:0001883,1.0,1.0
GO:0001884,1.0,1.0
GO:0001887,1.0,1.0
GO:0001896,1.0,1.0
GO:0001907,1.0,1.0
GO:0001932,1.0,1.0
GO:0002020,1.0,1.0
GO:0002047,1.0,1.0
GO:0002057,1.0,1.0
GO:0002083,1.0,1.0
GO:0002097,1.0,1.0
GO:0002098,1.0,1.0
GO:0002099,1.0,1.0
GO:0002100,1.0,1.0
GO:0002101,1.0,1.0
GO:0002128,1.0,1.0
GO:0002131,1.0,1.0
GO:0002132,1.0,1.0
GO:0002136,1.0,1.0
GO:0002143,1.0,1.0
GO:0002144,1.0,1.0
GO:0002145,1.0,1.0
GO:0002161,1.0,1.0
GO:0002181,1.0,1.0
GO:0002184,1.0,1.0
GO:0002188,1.0,1.0
GO:0002189,1.0,1.0
GO:0002196,1.0,1.0
GO:0002197,1.0,1.0
GO:0002926,1.0,1.0
GO:0002935,1.0,1.0
GO:0002937,1.0,1.0
GO:0002938,1.0,1.0
GO:0002939,1.0,1.0
GO:0002943,1.0,1.0
GO:0002949,1.0,1.0
GO:0002952,1.0,1.0
GO:0002953,1.0,1.0
GO:0003333,1.0,1.0
GO:0003674,1.0,1.0
GO:0003676,1.0,1.0
GO:0003677,0.617542462357908,1.0
GO:0003678,1.0,1.0
GO:0003680,0.536082474226804,1.0
GO:0003681,0.536082474226804,1.0
GO:0003684,1.0,1.0
GO:0003688,1.0,1.0
GO:0003690,1.0,1.0
GO:0003697,1.0,1.0
GO:0003700,0.12951660382685493,1.0
GO:0003723,0.6520726786806893,1.0
GO:0003724,1.0,1.0
GO:0003725,1.0,1.0
GO:0003727,1.0,1.0
GO:0003729,0.536082474226804,1.0
GO:0003730,1.0,1.0
GO:0003735,1.0,1.0
GO:0003743,1.0,1.0
GO:0003746,1.0,1.0
GO:0003747,1.0,1.0
GO:0003755,0.3571428571428571,1.0
GO:0003756,1.0,1.0
GO:0003774,1.0,1.0
GO:0003796,1.0,1.0
GO:0003824,1.0,1.0
GO:0003825,1.0,1.0
GO:0003839,1.0,1.0
GO:0003841,1.0,1.0
GO:0003842,1.0,1.0
GO:0003844,1.0,1.0
GO:0003848,1.0,1.0
GO:0003849,1.0,1.0
GO:0003850,1.0,1.0
GO:0003852,1.0,1.0
GO:0003855,1.0,1.0
GO:0003856,1.0,1.0
GO:0003857,1.0,1.0
GO:0003861,1.0,1.0
GO:0003862,1.0,1.0
GO:0003864,1.0,1.0
GO:0003866,1.0,1.0
GO:0003867,1.0,1.0
GO:0003871,1.0,1.0
GO:0003872,1.0,1.0
GO:0003879,1.0,1.0
GO:0003882,1.0,1.0
GO:0003883,1.0,1.0
GO:0003886,1.0,1.0
GO:0003887,1.0,1.0
GO:0003896,1.0,1.0
GO:0003899,1.0,1.0
GO:0003904,1.0,1.0
GO:0003905,1.0,1.0
GO:0003906,1.0,1.0
GO:0003908,1.0,1.0
GO:0003909,1.0,1.0
GO:0003911,0.3571428571428571,1.0
GO:0003916,0.5505798969072165,1.0
GO:0003917,1.0,1.0
GO:0003918,0.536082474226804,1.0
GO:0003919,1.0,1.0
GO:0003920,1.0,1.0
GO:0003921,1.0,1.0
GO:0003922,1.0,1.0
GO:0003924,1.0,1.0
GO:0003934,1.0,1.0
GO:0003935,1.0,1.0
GO:0003937,1.0,1.0
GO:0003938,1.0,1.0
GO:0003941,1.0,1.0
GO:0003942,1.0,1.0
GO:0003949,1.0,1.0
GO:0003950,1.0,1.0
GO:0003951,1.0,1.0
GO:0003952,1.0,1.0
GO:0003954,0.536082474226804,1.0
GO:0003955,1.0,1.0
GO:0003957,1.0,1.0
GO:0003960,1.0,1.0
GO:0003961,1.0,1.0
GO:0003962,1.0,1.0
GO:0003963,1.0,1.0
GO:0003973,1.0,1.0
GO:0003977,1.0,1.0
GO:0003978,1.0,1.0
GO:0003979,0.3571428571428571,1.0
GO:0003983,1.0,1.0
GO:0003984,1.0,1.0
GO:0003985,1.0,1.0
GO:0003986,1.0,1.0
GO:0003987,1.0,1.0
GO:0003988,1.0,1.0
GO:0003989,1.0,1.0
GO:0003991,1.0,1.0
GO:0003992,1.0,1.0
GO:0003993,1.0,1.0
GO:0003994,1.0,1.0
GO:0003995,1.0,1.0
GO:0003998,1.0,1.0
GO:0003999,1.0,1.0
GO:0004000,1.0,1.0
GO:0004014,1.0,1.0
GO:0004015,1.0,1.0
GO:0004016,1.0,1.0
GO:0004017,1.0,1.0
GO:0004018,1.0,1.0
GO:0004019,1.0,1.0
GO:0004020,1.0,1.0
GO:0004021,1.0,1.0
GO:0004022,1.0,1.0
GO:0004024,1.0,1.0
GO:0004025,1.0,1.0
GO:0004029,1.0,1.0
GO:0004030,1.0,1.0
GO:0004032,1.0,1.0
GO:0004033,1.0,1.0
GO:0004034,1.0,1.0
GO:0004035,1.0,1.0
GO:0004038,1.0,1.0
GO:0004040,1.0,1.0
GO:0004042,1.0,1.0
GO:0004044,1.0,1.0
GO:0004045,1.0,1.0
GO:0004047,1.0,1.0
GO:0004048,1.0,1.0
GO:0004049,1.0,1.0
GO:0004055,1.0,1.0
GO:0004056,1.0,1.0
GO:0004060,1.0,1.0
GO:0004064,1.0,1.0
GO:0004065,1.0,1.0
GO:0004066,1.0,1.0
GO:0004067,1.0,1.0
GO:0004068,1.0,1.0
GO:0004069,1.0,1.0
GO:0004070,1.0,1.0
GO:0004071,1.0,1.0
GO:0004072,1.0,1.0
GO:0004073,1.0,1.0
GO:0004075,1.0,1.0
GO:0004076,1.0,1.0
GO:0004077,1.0,1.0
GO:0004084,1.0,1.0
GO:0004087,1.0,1.0
GO:0004088,1.0,1.0
GO:0004089,1.0,1.0
GO:0004096,1.0,1.0
GO:0004106,1.0,1.0
GO:0004107,1.0,1.0
GO:0004108,1.0,1.0
GO:0004109,1.0,1.0
GO:0004112,1.0,1.0
GO:0004113,1.0,1.0
GO:0004115,1.0,1.0
GO:0004123,1.0,1.0
GO:0004124,1.0,1.0
GO:0004125,1.0,1.0
GO:0004126,1.0,1.0
GO:0004127,1.0,1.0
GO:0004129,1.0,1.0
GO:0004130,1.0,1.0
GO:0004131,1.0,1.0
GO:0004133,1.0,1.0
GO:0004134,1.0,1.0
GO:0004135,1.0,1.0
GO:0004139,1.0,1.0
GO:0004140,1.0,1.0
GO:0004141,1.0,1.0
GO:0004143,1.0,1.0
GO:0004145,1.0,1.0
GO:0004146,1.0,1.0
GO:0004148,1.0,1.0
GO:0004149,1.0,1.0
GO:0004150,1.0,1.0
GO:0004151,1.0,1.0
GO:0004152,1.0,1.0
GO:0004155,1.0,1.0
GO:0004156,1.0,1.0
GO:0004159,1.0,1.0
GO:0004160,1.0,1.0
GO:0004161,1.0,1.0
GO:0004165,1.0,1.0
GO:0004170,1.0,1.0
GO:0004175,1.0,1.0
GO:0004176,1.0,1.0
GO:0004177,1.0,1.0
GO:0004180,0.3571428571428571,1.0
GO:0004181,1.0,1.0
GO:0004185,1.0,1.0
GO:0004190,1.0,1.0
GO:0004222,0.3571428571428571,1.0
GO:0004239,1.0,1.0
GO:0004252,1.0,1.0
GO:0004298,1.0,1.0
GO:0004300,1.0,1.0
GO:0004309,1.0,1.0
GO:0004314,1.0,1.0
GO:0004315,1.0,1.0
GO:0004316,1.0,1.0
GO:0004317,1.0,1.0
GO:0004318,1.0,1.0
GO:0004322,1.0,1.0
GO:0004324,1.0,1.0
GO:0004325,1.0,1.0
GO:0004326,1.0,1.0
GO:0004332,1.0,1.0
GO:0004333,1.0,1.0
GO:0004335,1.0,1.0
GO:0004337,1.0,1.0
GO:0004340,1.0,1.0
GO:0004342,1.0,1.0
GO:0004345,1.0,1.0
GO:0004346,1.0,1.0
GO:0004347,0.3571428571428571,1.0
GO:0004349,1.0,1.0
GO:0004350,1.0,1.0
GO:0004351,1.0,1.0
GO:0004353,0.3571428571428571,1.0
GO:0004354,0.3571428571428571,1.0
GO:0004355,1.0,1.0
GO:0004356,1.0,1.0
GO:0004357,1.0,1.0
GO:0004358,1.0,1.0
GO:0004359,1.0,1.0
GO:0004360,1.0,1.0
GO:0004362,1.0,1.0
GO:0004363,1.0,1.0
GO:0004364,1.0,1.0
GO:0004365,1.0,1.0
GO:0004366,1.0,1.0
GO:0004368,1.0,1.0
GO:0004370,1.0,1.0
GO:0004371,1.0,1.0
GO:0004372,1.0,1.0
GO:0004373,1.0,1.0
GO:0004375,1.0,1.0
GO:0004385,1.0,1.0
GO:0004386,1.0,1.0
GO:0004396,1.0,1.0
GO:0004399,1.0,1.0
GO:0004400,1.0,1.0
GO:0004401,1.0,1.0
GO:0004412,1.0,1.0
GO:0004413,1.0,1.0
GO:0004414,1.0,1.0
GO:0004416,1.0,1.0
GO:0004417,1.0,1.0
GO:0004418,1.0,1.0
GO:0004422,1.0,1.0
GO:0004424,1.0,1.0
GO:0004425,1.0,1.0
GO:0004427,1.0,1.0
GO:0004450,1.0,1.0
GO:0004451,1.0,1.0
GO:0004452,1.0,1.0
GO:0004455,1.0,1.0
GO:0004456,1.0,1.0
GO:0004457,1.0,1.0
GO:0004458,1.0,1.0
GO:0004459,1.0,1.0
GO:0004462,1.0,1.0
GO:0004466,1.0,1.0
GO:0004467,1.0,1.0
GO:0004470,1.0,1.0
GO:0004471,1.0,1.0
GO:0004473,1.0,1.0
GO:0004474,1.0,1.0
GO:0004475,1.0,1.0
GO:0004476,1.0,1.0
GO:0004477,1.0,1.0
GO:0004478,1.0,1.0
GO:0004479,1.0,1.0
GO:0004488,1.0,1.0
GO:0004489,1.0,1.0
GO:0004492,1.0,1.0
GO:0004494,1.0,1.0
GO:0004497,1.0,1.0
GO:0004514,1.0,1.0
GO:0004515,1.0,1.0
GO:0004516,1.0,1.0
GO:0004518,1.0,1.0
GO:0004519,1.0,1.0
GO:0004520,1.0,1.0
GO:0004521,1.0,1.0
GO:0004523,1.0,1.0
GO:0004525,1.0,1.0
GO:0004526,1.0,1.0
GO:0004527,1.0,1.0
GO:0004529,1.0,1.0
GO:0004530,1.0,1.0
GO:0004532,1.0,1.0
GO:0004534,1.0,1.0
GO:0004536,1.0,1.0
GO:0004540,1.0,1.0
GO:0004550,1.0,1.0
GO:0004553,1.0,1.0
GO:0004555,1.0,1.0
GO:0004556,1.0,1.0
GO:0004557,1.0,1.0
GO:0004558,1.0,1.0
GO:0004559,1.0,1.0
GO:0004563,1.0,1.0
GO:0004565,1.0,1.0
GO:0004566,1.0,1.0
GO:0004568,1.0,1.0
GO:0004585,1.0,1.0
GO:0004586,1.0,1.0
GO:0004588,1.0,1.0
GO:0004590,1.0,1.0
GO:0004591,1.0,1.0
GO:0004592,1.0,1.0
GO:0004594,1.0,1.0
GO:0004595,1.0,1.0
GO:0004596,1.0,1.0
GO:0004601,1.0,1.0
GO:0004602,1.0,1.0
GO:0004604,1.0,1.0
GO:0004605,1.0,1.0
GO:0004609,1.0,1.0
GO:0004612,1.0,1.0
GO:0004614,1.0,1.0
GO:0004615,1.0,1.0
GO:0004616,1.0,1.0
GO:0004617,0.3571428571428571,1.0
GO:0004618,1.0,1.0
GO:0004619,1.0,1.0
GO:0004620,1.0,1.0
GO:0004622,1.0,1.0
GO:0004623,1.0,1.0
GO:0004630,1.0,1.0
GO:0004632,1.0,1.0
GO:0004633,1.0,1.0
GO:0004634,1.0,1.0
GO:0004635,1.0,1.0
GO:0004636,1.0,1.0
GO:0004637,1.0,1.0
GO:0004638,1.0,1.0
GO:0004639,1.0,1.0
GO:0004640,1.0,1.0
GO:0004641,1.0,1.0
GO:0004642,1.0,1.0
GO:0004643,1.0,1.0
GO:0004644,1.0,1.0
GO:0004645,1.0,1.0
GO:0004648,1.0,1.0
GO:0004654,1.0,1.0
GO:0004655,1.0,1.0
GO:0004657,1.0,1.0
GO:0004659,0.3571428571428571,1.0
GO:0004664,1.0,1.0
GO:0004665,1.0,1.0
GO:0004672,1.0,1.0
GO:0004673,1.0,1.0
GO:0004674,1.0,1.0
GO:0004713,1.0,1.0
GO:0004719,1.0,1.0
GO:0004721,0.3571428571428571,1.0
GO:0004722,0.3571428571428571,1.0
GO:0004725,1.0,1.0
GO:0004729,1.0,1.0
GO:0004730,1.0,1.0
GO:0004731,1.0,1.0
GO:0004733,1.0,1.0
GO:0004735,1.0,1.0
GO:0004738,1.0,1.0
GO:0004739,1.0,1.0
GO:0004742,1.0,1.0
GO:0004743,1.0,1.0
GO:0004746,1.0,1.0
GO:0004747,1.0,1.0
GO:0004748,1.0,1.0
GO:0004749,1.0,1.0
GO:0004750,1.0,1.0
GO:0004751,1.0,1.0
GO:0004756,1.0,1.0
GO:0004764,1.0,1.0
GO:0004765,1.0,1.0
GO:0004766,1.0,1.0
GO:0004775,1.0,1.0
GO:0004776,1.0,1.0
GO:0004777,0.3571428571428571,1.0
GO:0004781,1.0,1.0
GO:0004783,1.0,1.0
GO:0004784,1.0,1.0
GO:0004787,1.0,1.0
GO:0004789,1.0,1.0
GO:0004791,1.0,1.0
GO:0004792,1.0,1.0
GO:0004793,1.0,1.0
GO:0004794,1.0,1.0
GO:0004795,1.0,1.0
GO:0004797,1.0,1.0
GO:0004798,1.0,1.0
GO:0004799,1.0,1.0
GO:0004801,1.0,1.0
GO:0004802,1.0,1.0
GO:0004803,1.0,1.0
GO:0004805,1.0,1.0
GO:0004807,1.0,1.0
GO:0004808,1.0,1.0
GO:0004810,1.0,1.0
GO:0004812,1.0,1.0
GO:0004813,1.0,1.0
GO:0004814,1.0,1.0
GO:0004815,1.0,1.0
GO:0004816,1.0,1.0
GO:0004817,1.0,1.0
GO:0004818,1.0,1.0
GO:0004819,1.0,1.0
GO:0004820,1.0,1.0
GO:0004821,1.0,1.0
GO:0004822,1.0,1.0
GO:0004823,1.0,1.0
GO:0004824,1.0,1.0
GO:0004825,1.0,1.0
GO:0004826,1.0,1.0
GO:0004827,1.0,1.0
GO:0004828,1.0,1.0
GO:0004829,1.0,1.0
GO:0004830,1.0,1.0
GO:0004831,1.0,1.0
GO:0004832,1.0,1.0
GO:0004834,1.0,1.0
GO:0004838,1.0,1.0
GO:0004844,1.0,1.0
GO:0004845,1.0,1.0
GO:0004848,1.0,1.0
GO:0004849,1.0,1.0
GO:0004850,1.0,1.0
GO:0004851,1.0,1.0
GO:0004852,1.0,1.0
GO:0004853,1.0,1.0
GO:0004854,1.0,1.0
GO:0004856,1.0,1.0
GO:0004857,1.0,1.0
GO:0004866,1.0,1.0
GO:0004867,1.0,1.0
GO:0004888,1.0,1.0
GO:0005034,1.0,1.0
GO:0005047,1.0,1.0
GO:0005048,1.0,1.0
GO:0005085,1.0,1.0
GO:0005096,1.0,1.0
GO:0005198,1.0,1.0
GO:0005215,1.0,1.0
GO:0005216,1.0,1.0
GO:0005247,1.0,1.0
GO:0005253,1.0,1.0
GO:0005254,1.0,1.0
GO:0005262,1.0,1.0
GO:0005267,1.0,1.0
GO:0005275,1.0,1.0
GO:0005280,1.0,1.0
GO:0005283,1.0,1.0
GO:0005291,1.0,1.0
GO:0005294,1.0,1.0
GO:0005295,1.0,1.0
GO:0005297,1.0,1.0
GO:0005298,1.0,1.0
GO:0005302,1.0,1.0
GO:0005304,1.0,1.0
GO:0005315,1.0,1.0
GO:0005319,1.0,1.0
GO:0005337,1.0,1.0
GO:0005344,1.0,1.0
GO:0005350,1.0,1.0
GO:0005351,1.0,1.0
GO:0005354,1.0,1.0
GO:0005355,1.0,1.0
GO:0005372,1.0,1.0
GO:0005375,1.0,1.0
GO:0005381,1.0,1.0
GO:0005384,1.0,1.0
GO:0005385,1.0,1.0
GO:0005402,1.0,1.0
GO:0005412,1.0,1.0
GO:0005436,1.0,1.0
GO:0005452,1.0,1.0
GO:0005469,1.0,1.0
GO:0005477,1.0,1.0
GO:0005504,1.0,1.0
GO:0005506,0.536082474226804,1.0
GO:0005507,1.0,1.0
GO:0005509,1.0,1.0
GO:0005515,0.019310021008992394,1.0
GO:0005524,0.31835692442482,1.0
GO:0005525,1.0,1.0
GO:0005528,0.3571428571428571,1.0
GO:0005534,1.0,1.0
GO:0005536,1.0,1.0
GO:0005537,1.0,1.0
GO:0005542,1.0,1.0
GO:0005543,1.0,1.0
GO:0005548,1.0,1.0
GO:0005576,1.0,1.0
GO:0005615,1.0,1.0
GO:0005622,1.0,1.0
GO:0005667,1.0,1.0
GO:0005694,0.5505798969072165,1.0
GO:0005737,0.829548905546134,1.0
GO:0005777,1.0,1.0
GO:0005829,0.6719903333320697,1.0
GO:0005839,1.0,1.0
GO:0005840,1.0,1.0
GO:0005856,1.0,1.0
GO:0005886,0.23168873355496084,1.0
GO:0005945,1.0,1.0
GO:0005948,1.0,1.0
GO:0005950,1.0,1.0
GO:0005951,1.0,1.0
GO:0005960,1.0,1.0
GO:0005971,1.0,1.0
GO:0005975,0.536082474226804,1.0
GO:0005977,1.0,1.0
GO:0005978,1.0,1.0
GO:0005980,1.0,1.0
GO:0005986,1.0,1.0
GO:0005989,1.0,1.0
GO:0005990,1.0,1.0
GO:0005991,1.0,1.0
GO:0005992,1.0,1.0
GO:0005993,1.0,1.0
GO:0005995,1.0,1.0
GO:0005996,1.0,1.0
GO:0005997,1.0,1.0
GO:0005998,1.0,1.0
GO:0006000,1.0,1.0
GO:0006001,1.0,1.0
GO:0006002,1.0,1.0
GO:0006004,1.0,1.0
GO:0006006,1.0,1.0
GO:0006007,1.0,1.0
GO:0006011,1.0,1.0
GO:0006012,1.0,1.0
GO:0006013,1.0,1.0
GO:0006014,1.0,1.0
GO:0006015,1.0,1.0
GO:0006020,1.0,1.0
GO:0006032,1.0,1.0
GO:0006040,1.0,1.0
GO:0006043,1.0,1.0
GO:0006044,1.0,1.0
GO:0006046,1.0,1.0
GO:0006047,1.0,1.0
GO:0006048,1.0,1.0
GO:0006051,1.0,1.0
GO:0006053,1.0,1.0
GO:0006054,1.0,1.0
GO:0006062,1.0,1.0
GO:0006064,1.0,1.0
GO:0006065,0.3571428571428571,1.0
GO:0006066,1.0,1.0
GO:0006071,1.0,1.0
GO:0006072,1.0,1.0
GO:0006082,0.3571428571428571,1.0
GO:0006083,0.3571428571428571,1.0
GO:0006084,1.0,1.0
GO:0006085,1.0,1.0
GO:0006086,1.0,1.0
GO:0006089,1.0,1.0
GO:0006090,1.0,1.0
GO:0006091,1.0,1.0
GO:0006094,1.0,1.0
GO:0006096,1.0,1.0
GO:0006097,1.0,1.0
GO:0006098,1.0,1.0
GO:0006099,0.536082474226804,1.0
GO:0006101,1.0,1.0
GO:0006103,1.0,1.0
GO:0006104,1.0,1.0
GO:0006105,1.0,1.0
GO:0006106,1.0,1.0
GO:0006107,1.0,1.0
GO:0006108,1.0,1.0
GO:0006109,1.0,1.0
GO:0006113,0.536082474226804,1.0
GO:0006115,1.0,1.0
GO:0006116,0.536082474226804,1.0
GO:0006119,1.0,1.0
GO:0006124,1.0,1.0
GO:0006139,1.0,1.0
GO:0006144,1.0,1.0
GO:0006145,1.0,1.0
GO:0006146,1.0,1.0
GO:0006147,1.0,1.0
GO:0006148,1.0,1.0
GO:0006149,1.0,1.0
GO:0006152,1.0,1.0
GO:0006154,1.0,1.0
GO:0006161,1.0,1.0
GO:0006163,1.0,1.0
GO:0006164,1.0,1.0
GO:0006166,1.0,1.0
GO:0006168,1.0,1.0
GO:0006171,1.0,1.0
GO:0006172,1.0,1.0
GO:0006177,1.0,1.0
GO:0006178,1.0,1.0
GO:0006183,1.0,1.0
GO:0006188,1.0,1.0
GO:0006189,1.0,1.0
GO:0006203,1.0,1.0
GO:0006206,1.0,1.0
GO:0006207,0.536082474226804,1.0
GO:0006208,1.0,1.0
GO:0006209,1.0,1.0
GO:0006210,1.0,1.0
GO:0006212,1.0,1.0
GO:0006213,1.0,1.0
GO:0006217,1.0,1.0
GO:0006218,1.0,1.0
GO:0006220,1.0,1.0
GO:0006221,0.536082474226804,1.0
GO:0006222,1.0,1.0
GO:0006223,1.0,1.0
GO:0006225,1.0,1.0
GO:0006226,1.0,1.0
GO:0006227,1.0,1.0
GO:0006228,1.0,1.0
GO:0006229,1.0,1.0
GO:0006231,1.0,1.0
GO:0006233,1.0,1.0
GO:0006235,1.0,1.0
GO:0006241,1.0,1.0
GO:0006259,1.0,1.0
GO:0006260,0.3571428571428571,1.0
GO:0006261,0.536082474226804,1.0
GO:0006265,0.5505798969072165,1.0
GO:0006266,0.3571428571428571,1.0
GO:0006268,1.0,1.0
GO:0006269,1.0,1.0
GO:0006270,0.536082474226804,1.0
GO:0006271,1.0,1.0
GO:0006272,1.0,1.0
GO:0006273,1.0,1.0
GO:0006274,1.0,1.0
GO:0006275,1.0,1.0
GO:0006276,1.0,1.0
GO:0006281,1.0,1.0
GO:0006282,1.0,1.0
GO:0006283,1.0,1.0
GO:0006284,1.0,1.0
GO:0006285,1.0,1.0
GO:0006288,1.0,1.0
GO:0006289,1.0,1.0
GO:0006294,1.0,1.0
GO:0006298,1.0,1.0
GO:0006301,1.0,1.0
GO:0006302,1.0,1.0
GO:0006304,1.0,1.0
GO:0006307,1.0,1.0
GO:0006308,1.0,1.0
GO:0006310,1.0,1.0
GO:0006313,1.0,1.0
GO:0006338,1.0,1.0
GO:0006351,0.41637997714180164,1.0
GO:0006352,0.3571428571428571,1.0
GO:0006353,1.0,1.0
GO:0006354,0.1251840942562592,1.0
GO:0006355,0.21266082272006392,1.0
GO:0006364,0.04303203240058911,1.0
GO:0006382,1.0,1.0
GO:0006388,1.0,1.0
GO:0006396,1.0,1.0
GO:0006397,1.0,1.0
GO:0006399,1.0,1.0
GO:0006400,1.0,1.0
GO:0006401,1.0,1.0
GO:0006402,1.0,1.0
GO:0006412,0.6520726786806893,1.0
GO:0006413,1.0,1.0
GO:0006414,1.0,1.0
GO:0006415,0.3571428571428571,1.0
GO:0006417,0.536082474226804,1.0
GO:0006418,1.0,1.0
GO:0006419,1.0,1.0
GO:0006420,1.0,1.0
GO:0006421,1.0,1.0
GO:0006422,1.0,1.0
GO:0006423,1.0,1.0
GO:0006424,1.0,1.0
GO:0006425,1.0,1.0
GO:0006426,1.0,1.0
GO:0006427,1.0,1.0
GO:0006428,1.0,1.0
GO:0006429,1.0,1.0
GO:0006430,1.0,1.0
GO:0006431,1.0,1.0
GO:0006432,1.0,1.0
GO:0006433,1.0,1.0
GO:0006434,1.0,1.0
GO:0006435,1.0,1.0
GO:0006436,1.0,1.0
GO:0006437,1.0,1.0
GO:0006438,1.0,1.0
GO:0006446,1.0,1.0
GO:0006448,1.0,1.0
GO:0006449,0.3571428571428571,1.0
GO:0006450,1.0,1.0
GO:0006457,1.0,1.0
GO:0006465,1.0,1.0
GO:0006468,1.0,1.0
GO:0006470,1.0,1.0
GO:0006479,1.0,1.0
GO:0006482,1.0,1.0
GO:0006487,1.0,1.0
GO:0006493,1.0,1.0
GO:0006508,0.3571428571428571,1.0
GO:0006515,1.0,1.0
GO:0006518,1.0,1.0
GO:0006520,0.3571428571428571,1.0
GO:0006522,1.0,1.0
GO:0006523,1.0,1.0
GO:0006524,1.0,1.0
GO:0006525,1.0,1.0
GO:0006526,1.0,1.0
GO:0006527,1.0,1.0
GO:0006528,1.0,1.0
GO:0006529,1.0,1.0
GO:0006530,1.0,1.0
GO:0006531,1.0,1.0
GO:0006532,1.0,1.0
GO:0006533,1.0,1.0
GO:0006534,1.0,1.0
GO:0006535,1.0,1.0
GO:0006536,1.0,1.0
GO:0006537,0.3571428571428571,1.0
GO:0006538,1.0,1.0
GO:0006541,1.0,1.0
GO:0006542,1.0,1.0
GO:0006543,1.0,1.0
GO:0006545,1.0,1.0
GO:0006546,1.0,1.0
GO:0006554,1.0,1.0
GO:0006555,1.0,1.0
GO:0006556,1.0,1.0
GO:0006559,1.0,1.0
GO:0006560,1.0,1.0
GO:0006561,1.0,1.0
GO:0006562,1.0,1.0
GO:0006563,1.0,1.0
GO:0006564,0.3571428571428571,1.0
GO:0006565,1.0,1.0
GO:0006566,1.0,1.0
GO:0006567,1.0,1.0
GO:0006568,1.0,1.0
GO:0006569,1.0,1.0
GO:0006571,1.0,1.0
GO:0006576,1.0,1.0
GO:0006580,1.0,1.0
GO:0006591,1.0,1.0
GO:0006593,1.0,1.0
GO:0006596,1.0,1.0
GO:0006598,1.0,1.0
GO:0006605,1.0,1.0
GO:0006612,1.0,1.0
GO:0006614,1.0,1.0
GO:0006616,1.0,1.0
GO:0006629,1.0,1.0
GO:0006631,1.0,1.0
GO:0006633,1.0,1.0
GO:0006635,1.0,1.0
GO:0006637,1.0,1.0
GO:0006644,1.0,1.0
GO:0006646,1.0,1.0
GO:0006650,1.0,1.0
GO:0006654,1.0,1.0
GO:0006655,1.0,1.0
GO:0006729,1.0,1.0
GO:0006730,1.0,1.0
GO:0006734,1.0,1.0
GO:0006739,1.0,1.0
GO:0006740,1.0,1.0
GO:0006741,1.0,1.0
GO:0006742,1.0,1.0
GO:0006744,0.3571428571428571,1.0
GO:0006747,1.0,1.0
GO:0006749,1.0,1.0
GO:0006750,1.0,1.0
GO:0006751,1.0,1.0
GO:0006753,1.0,1.0
GO:0006754,1.0,1.0
GO:0006760,1.0,1.0
GO:0006761,1.0,1.0
GO:0006768,1.0,1.0
GO:0006771,1.0,1.0
GO:0006772,1.0,1.0
GO:0006777,1.0,1.0
GO:0006778,1.0,1.0
GO:0006779,1.0,1.0
GO:0006780,1.0,1.0
GO:0006782,1.0,1.0
GO:0006783,1.0,1.0
GO:0006785,1.0,1.0
GO:0006788,1.0,1.0
GO:0006790,1.0,1.0
GO:0006791,1.0,1.0
GO:0006793,1.0,1.0
GO:0006796,1.0,1.0
GO:0006798,1.0,1.0
GO:0006799,1.0,1.0
GO:0006801,1.0,1.0
GO:0006805,1.0,1.0
GO:0006808,1.0,1.0
GO:0006810,1.0,1.0
GO:0006811,1.0,1.0
GO:0006812,1.0,1.0
GO:0006813,1.0,1.0
GO:0006814,1.0,1.0
GO:0006817,1.0,1.0
GO:0006821,1.0,1.0
GO:0006824,1.0,1.0
GO:0006825,1.0,1.0
GO:0006826,1.0,1.0
GO:0006828,1.0,1.0
GO:0006829,1.0,1.0
GO:0006833,1.0,1.0
GO:0006835,1.0,1.0
GO:0006847,1.0,1.0
GO:0006849,1.0,1.0
GO:0006855,1.0,1.0
GO:0006857,1.0,1.0
GO:0006864,1.0,1.0
GO:0006865,1.0,1.0
GO:0006868,1.0,1.0
GO:0006869,1.0,1.0
GO:0006874,1.0,1.0
GO:0006878,1.0,1.0
GO:0006879,1.0,1.0
GO:0006880,1.0,1.0
GO:0006882,1.0,1.0
GO:0006884,1.0,1.0
GO:0006885,1.0,1.0
GO:0006886,1.0,1.0
GO:0006935,0.536082474226804,1.0
GO:0006950,0.536082474226804,1.0
GO:0006952,1.0,1.0
GO:0006970,0.536082474226804,1.0
GO:0006972,0.536082474226804,1.0
GO:0006974,0.04787006602475652,1.0
GO:0006979,0.5505798969072165,1.0
GO:0006995,1.0,1.0
GO:0007059,1.0,1.0
GO:0007062,1.0,1.0
GO:0007155,1.0,1.0
GO:0007165,1.0,1.0
GO:0007172,1.0,1.0
GO:0007231,1.0,1.0
GO:0007234,1.0,1.0
GO:0007603,1.0,1.0
GO:0007638,1.0,1.0
GO:0008023,1.0,1.0
GO:0008033,0.536082474226804,1.0
GO:0008047,1.0,1.0
GO:0008061,1.0,1.0
GO:0008073,1.0,1.0
GO:0008080,1.0,1.0
GO:0008081,1.0,1.0
GO:0008092,1.0,1.0
GO:0008094,0.536082474226804,1.0
GO:0008097,1.0,1.0
GO:0008104,1.0,1.0
GO:0008106,1.0,1.0
GO:0008108,1.0,1.0
GO:0008113,1.0,1.0
GO:0008115,1.0,1.0
GO:0008126,1.0,1.0
GO:0008127,1.0,1.0
GO:0008131,1.0,1.0
GO:0008137,0.536082474226804,1.0
GO:0008138,0.3571428571428571,1.0
GO:0008143,1.0,1.0
GO:0008146,1.0,1.0
GO:0008152,0.1251840942562592,1.0
GO:0008153,1.0,1.0
GO:0008156,1.0,1.0
GO:0008168,0.6152333152468801,1.0
GO:0008170,1.0,1.0
GO:0008173,1.0,1.0
GO:0008175,1.0,1.0
GO:0008176,1.0,1.0
GO:0008177,1.0,1.0
GO:0008184,1.0,1.0
GO:0008186,1.0,1.0
GO:0008195,1.0,1.0
GO:0008198,1.0,1.0
GO:0008199,1.0,1.0
GO:0008201,1.0,1.0
GO:0008202,1.0,1.0
GO:0008216,1.0,1.0
GO:0008233,1.0,1.0
GO:0008234,1.0,1.0
GO:0008235,1.0,1.0
GO:0008236,1.0,1.0
GO:0008237,0.3571428571428571,1.0
GO:0008251,1.0,1.0
GO:0008252,1.0,1.0
GO:0008253,1.0,1.0
GO:0008254,1.0,1.0
GO:0008263,1.0,1.0
GO:0008270,0.6632961406587317,1.0
GO:0008271,1.0,1.0
GO:0008272,1.0,1.0
GO:0008273,1.0,1.0
GO:0008276,1.0,1.0
GO:0008289,1.0,1.0
GO:0008295,1.0,1.0
GO:0008296,1.0,1.0
GO:0008299,0.3571428571428571,1.0
GO:0008301,1.0,1.0
GO:0008310,1.0,1.0
GO:0008311,1.0,1.0
GO:0008312,1.0,1.0
GO:0008320,1.0,1.0
GO:0008324,1.0,1.0
GO:0008327,1.0,1.0
GO:0008360,0.3571428571428571,1.0
GO:0008361,1.0,1.0
GO:0008374,1.0,1.0
GO:0008375,1.0,1.0
GO:0008379,1.0,1.0
GO:0008381,1.0,1.0
GO:0008408,1.0,1.0
GO:0008409,1.0,1.0
GO:0008410,1.0,1.0
GO:0008412,1.0,1.0
GO:0008413,1.0,1.0
GO:0008417,1.0,1.0
GO:0008422,1.0,1.0
GO:0008425,1.0,1.0
GO:0008428,1.0,1.0
GO:0008430,1.0,1.0
GO:0008441,1.0,1.0
GO:0008442,1.0,1.0
GO:0008443,1.0,1.0
GO:0008444,1.0,1.0
GO:0008446,1.0,1.0
GO:0008448,1.0,1.0
GO:0008452,1.0,1.0
GO:0008460,1.0,1.0
GO:0008465,1.0,1.0
GO:0008470,1.0,1.0
GO:0008477,1.0,1.0
GO:0008478,1.0,1.0
GO:0008479,1.0,1.0
GO:0008483,1.0,1.0
GO:0008490,1.0,1.0
GO:0008494,0.3571428571428571,1.0
GO:0008495,1.0,1.0
GO:0008519,1.0,1.0
GO:0008531,1.0,1.0
GO:0008534,1.0,1.0
GO:0008551,1.0,1.0
GO:0008556,1.0,1.0
GO:0008559,1.0,1.0
GO:0008564,1.0,1.0
GO:0008609,1.0,1.0
GO:0008610,1.0,1.0
GO:0008615,1.0,1.0
GO:0008616,1.0,1.0
GO:0008641,1.0,1.0
GO:0008643,1.0,1.0
GO:0008645,1.0,1.0
GO:0008649,0.3571428571428571,1.0
GO:0008650,1.0,1.0
GO:0008652,1.0,1.0
GO:0008653,1.0,1.0
GO:0008654,1.0,1.0
GO:0008655,1.0,1.0
GO:0008657,1.0,1.0
GO:0008658,1.0,1.0
GO:0008659,1.0,1.0
GO:0008661,1.0,1.0
GO:0008662,1.0,1.0
GO:0008663,1.0,1.0
GO:0008664,1.0,1.0
GO:0008666,1.0,1.0
GO:0008667,1.0,1.0
GO:0008668,1.0,1.0
GO:0008670,1.0,1.0
GO:0008671,1.0,1.0
GO:0008672,1.0,1.0
GO:0008673,1.0,1.0
GO:0008674,1.0,1.0
GO:0008675,1.0,1.0
GO:0008676,1.0,1.0
GO:0008677,1.0,1.0
GO:0008678,1.0,1.0
GO:0008679,1.0,1.0
GO:0008681,1.0,1.0
GO:0008682,1.0,1.0
GO:0008684,1.0,1.0
GO:0008685,1.0,1.0
GO:0008686,1.0,1.0
GO:0008688,1.0,1.0
GO:0008690,1.0,1.0
GO:0008691,1.0,1.0
GO:0008692,1.0,1.0
GO:0008693,1.0,1.0
GO:0008694,1.0,1.0
GO:0008695,1.0,1.0
GO:0008696,1.0,1.0
GO:0008697,0.3571428571428571,1.0
GO:0008700,1.0,1.0
GO:0008701,1.0,1.0
GO:0008703,1.0,1.0
GO:0008705,1.0,1.0
GO:0008706,1.0,1.0
GO:0008707,1.0,1.0
GO:0008709,1.0,1.0
GO:0008710,1.0,1.0
GO:0008712,1.0,1.0
GO:0008713,1.0,1.0
GO:0008714,1.0,1.0
GO:0008715,1.0,1.0
GO:0008716,0.3571428571428571,1.0
GO:0008718,1.0,1.0
GO:0008719,1.0,1.0
GO:0008720,1.0,1.0
GO:0008721,1.0,1.0
GO:0008725,1.0,1.0
GO:0008726,1.0,1.0
GO:0008727,1.0,1.0
GO:0008728,1.0,1.0
GO:0008730,1.0,1.0
GO:0008732,1.0,1.0
GO:0008733,1.0,1.0
GO:0008734,1.0,1.0
GO:0008735,1.0,1.0
GO:0008736,1.0,1.0
GO:0008737,1.0,1.0
GO:0008738,1.0,1.0
GO:0008740,1.0,1.0
GO:0008741,1.0,1.0
GO:0008742,1.0,1.0
GO:0008743,1.0,1.0
GO:0008744,1.0,1.0
GO:0008745,1.0,1.0
GO:0008746,1.0,1.0
GO:0008747,1.0,1.0
GO:0008748,1.0,1.0
GO:0008750,1.0,1.0
GO:0008752,1.0,1.0
GO:0008753,1.0,1.0
GO:0008756,1.0,1.0
GO:0008757,1.0,1.0
GO:0008758,1.0,1.0
GO:0008759,1.0,1.0
GO:0008760,1.0,1.0
GO:0008761,1.0,1.0
GO:0008762,1.0,1.0
GO:0008763,1.0,1.0
GO:0008764,1.0,1.0
GO:0008765,1.0,1.0
GO:0008766,1.0,1.0
GO:0008767,1.0,1.0
GO:0008768,1.0,1.0
GO:0008770,1.0,1.0
GO:0008771,1.0,1.0
GO:0008772,1.0,1.0
GO:0008773,1.0,1.0
GO:0008774,1.0,1.0
GO:0008775,1.0,1.0
GO:0008776,0.3571428571428571,1.0
GO:0008777,1.0,1.0
GO:0008779,1.0,1.0
GO:0008780,1.0,1.0
GO:0008782,1.0,1.0
GO:0008783,1.0,1.0
GO:0008784,1.0,1.0
GO:0008785,1.0,1.0
GO:0008786,1.0,1.0
GO:0008787,1.0,1.0
GO:0008788,1.0,1.0
GO:0008789,1.0,1.0
GO:0008790,1.0,1.0
GO:0008791,1.0,1.0
GO:0008792,1.0,1.0
GO:0008793,1.0,1.0
GO:0008794,1.0,1.0
GO:0008795,1.0,1.0
GO:0008796,1.0,1.0
GO:0008797,1.0,1.0
GO:0008798,1.0,1.0
GO:0008800,1.0,1.0
GO:0008801,1.0,1.0
GO:0008802,1.0,1.0
GO:0008803,0.3571428571428571,1.0
GO:0008804,1.0,1.0
GO:0008806,1.0,1.0
GO:0008808,1.0,1.0
GO:0008809,1.0,1.0
GO:0008810,1.0,1.0
GO:0008812,1.0,1.0
GO:0008813,1.0,1.0
GO:0008814,1.0,1.0
GO:0008815,1.0,1.0
GO:0008816,1.0,1.0
GO:0008817,1.0,1.0
GO:0008818,1.0,1.0
GO:0008819,1.0,1.0
GO:0008820,1.0,1.0
GO:0008821,1.0,1.0
GO:0008823,1.0,1.0
GO:0008824,1.0,1.0
GO:0008825,1.0,1.0
GO:0008826,1.0,1.0
GO:0008828,1.0,1.0
GO:0008829,1.0,1.0
GO:0008830,1.0,1.0
GO:0008831,1.0,1.0
GO:0008832,1.0,1.0
GO:0008833,1.0,1.0
GO:0008834,1.0,1.0
GO:0008835,1.0,1.0
GO:0008836,1.0,1.0
GO:0008837,1.0,1.0
GO:0008838,1.0,1.0
GO:0008839,1.0,1.0
GO:0008840,1.0,1.0
GO:0008841,1.0,1.0
GO:0008843,1.0,1.0
GO:0008847,1.0,1.0
GO:0008849,1.0,1.0
GO:0008851,1.0,1.0
GO:0008854,1.0,1.0
GO:0008855,1.0,1.0
GO:0008859,1.0,1.0
GO:0008860,1.0,1.0
GO:0008861,1.0,1.0
GO:0008863,1.0,1.0
GO:0008864,1.0,1.0
GO:0008865,1.0,1.0
GO:0008866,1.0,1.0
GO:0008867,1.0,1.0
GO:0008868,1.0,1.0
GO:0008869,1.0,1.0
GO:0008870,1.0,1.0
GO:0008872,1.0,1.0
GO:0008873,1.0,1.0
GO:0008874,1.0,1.0
GO:0008876,1.0,1.0
GO:0008877,1.0,1.0
GO:0008878,1.0,1.0
GO:0008879,1.0,1.0
GO:0008880,1.0,1.0
GO:0008881,1.0,1.0
GO:0008882,1.0,1.0
GO:0008883,1.0,1.0
GO:0008884,1.0,1.0
GO:0008885,1.0,1.0
GO:0008887,1.0,1.0
GO:0008888,1.0,1.0
GO:0008889,1.0,1.0
GO:0008890,1.0,1.0
GO:0008892,1.0,1.0
GO:0008893,1.0,1.0
GO:0008894,1.0,1.0
GO:0008897,1.0,1.0
GO:0008898,1.0,1.0
GO:0008899,1.0,1.0
GO:0008901,1.0,1.0
GO:0008902,1.0,1.0
GO:0008903,1.0,1.0
GO:0008906,1.0,1.0
GO:0008907,1.0,1.0
GO:0008908,1.0,1.0
GO:0008909,1.0,1.0
GO:0008911,1.0,1.0
GO:0008912,1.0,1.0
GO:0008913,1.0,1.0
GO:0008914,1.0,1.0
GO:0008915,1.0,1.0
GO:0008917,1.0,1.0
GO:0008918,1.0,1.0
GO:0008919,1.0,1.0
GO:0008920,1.0,1.0
GO:0008921,1.0,1.0
GO:0008922,1.0,1.0
GO:0008923,1.0,1.0
GO:0008924,1.0,1.0
GO:0008925,1.0,1.0
GO:0008926,0.3571428571428571,1.0
GO:0008927,1.0,1.0
GO:0008929,1.0,1.0
GO:0008930,1.0,1.0
GO:0008932,1.0,1.0
GO:0008933,1.0,1.0
GO:0008934,1.0,1.0
GO:0008935,1.0,1.0
GO:0008936,1.0,1.0
GO:0008939,1.0,1.0
GO:0008940,1.0,1.0
GO:0008941,1.0,1.0
GO:0008948,1.0,1.0
GO:0008949,1.0,1.0
GO:0008951,1.0,1.0
GO:0008955,1.0,1.0
GO:0008957,1.0,1.0
GO:0008959,1.0,1.0
GO:0008960,1.0,1.0
GO:0008961,1.0,1.0
GO:0008962,1.0,1.0
GO:0008963,1.0,1.0
GO:0008964,1.0,1.0
GO:0008965,1.0,1.0
GO:0008966,1.0,1.0
GO:0008967,1.0,1.0
GO:0008968,1.0,1.0
GO:0008970,1.0,1.0
GO:0008972,1.0,1.0
GO:0008973,1.0,1.0
GO:0008974,1.0,1.0
GO:0008976,1.0,1.0
GO:0008977,1.0,1.0
GO:0008979,1.0,1.0
GO:0008980,1.0,1.0
GO:0008982,1.0,1.0
GO:0008983,1.0,1.0
GO:0008984,1.0,1.0
GO:0008986,1.0,1.0
GO:0008987,1.0,1.0
GO:0008988,0.3571428571428571,1.0
GO:0008989,1.0,1.0
GO:0008990,1.0,1.0
GO:0008993,1.0,1.0
GO:0008994,1.0,1.0
GO:0008995,1.0,1.0
GO:0008996,1.0,1.0
GO:0008997,1.0,1.0
GO:0008998,1.0,1.0
GO:0008999,1.0,1.0
GO:0009000,1.0,1.0
GO:0009001,1.0,1.0
GO:0009002,1.0,1.0
GO:0009007,1.0,1.0
GO:0009009,1.0,1.0
GO:0009010,1.0,1.0
GO:0009011,1.0,1.0
GO:0009013,0.3571428571428571,1.0
GO:0009014,1.0,1.0
GO:0009015,1.0,1.0
GO:0009016,1.0,1.0
GO:0009017,1.0,1.0
GO:0009022,1.0,1.0
GO:0009024,1.0,1.0
GO:0009025,1.0,1.0
GO:0009026,1.0,1.0
GO:0009027,1.0,1.0
GO:0009028,1.0,1.0
GO:0009029,1.0,1.0
GO:0009030,1.0,1.0
GO:0009032,1.0,1.0
GO:0009033,1.0,1.0
GO:0009034,1.0,1.0
GO:0009035,1.0,1.0
GO:0009037,1.0,1.0
GO:0009040,1.0,1.0
GO:0009041,1.0,1.0
GO:0009042,1.0,1.0
GO:0009044,1.0,1.0
GO:0009045,1.0,1.0
GO:0009046,1.0,1.0
GO:0009050,1.0,1.0
GO:0009051,1.0,1.0
GO:0009052,1.0,1.0
GO:0009055,0.6520726786806893,1.0
GO:0009056,1.0,1.0
GO:0009058,1.0,1.0
GO:0009060,1.0,1.0
GO:0009061,0.4158920005340608,1.0
GO:0009062,1.0,1.0
GO:0009063,1.0,1.0
GO:0009067,1.0,1.0
GO:0009073,1.0,1.0
GO:0009081,1.0,1.0
GO:0009082,1.0,1.0
GO:0009085,1.0,1.0
GO:0009086,1.0,1.0
GO:0009088,1.0,1.0
GO:0009089,1.0,1.0
GO:0009090,1.0,1.0
GO:0009093,1.0,1.0
GO:0009094,1.0,1.0
GO:0009097,1.0,1.0
GO:0009098,1.0,1.0
GO:0009099,1.0,1.0
GO:0009102,1.0,1.0
GO:0009103,0.3571428571428571,1.0
GO:0009106,1.0,1.0
GO:0009107,1.0,1.0
GO:0009113,1.0,1.0
GO:0009114,1.0,1.0
GO:0009116,1.0,1.0
GO:0009117,1.0,1.0
GO:0009123,1.0,1.0
GO:0009132,1.0,1.0
GO:0009143,1.0,1.0
GO:0009146,1.0,1.0
GO:0009152,1.0,1.0
GO:0009156,1.0,1.0
GO:0009164,1.0,1.0
GO:0009165,1.0,1.0
GO:0009166,1.0,1.0
GO:0009168,1.0,1.0
GO:0009185,1.0,1.0
GO:0009220,1.0,1.0
GO:0009224,1.0,1.0
GO:0009225,1.0,1.0
GO:0009226,1.0,1.0
GO:0009228,1.0,1.0
GO:0009229,1.0,1.0
GO:0009231,1.0,1.0
GO:0009234,1.0,1.0
GO:0009236,1.0,1.0
GO:0009237,1.0,1.0
GO:0009239,1.0,1.0
GO:0009242,0.3571428571428571,1.0
GO:0009243,1.0,1.0
GO:0009244,1.0,1.0
GO:0009245,1.0,1.0
GO:0009246,0.3571428571428571,1.0
GO:0009247,1.0,1.0
GO:0009249,1.0,1.0
GO:0009250,1.0,1.0
GO:0009251,1.0,1.0
GO:0009252,0.3571428571428571,1.0
GO:0009253,1.0,1.0
GO:0009254,1.0,1.0
GO:0009255,1.0,1.0
GO:0009263,1.0,1.0
GO:0009264,1.0,1.0
GO:0009265,1.0,1.0
GO:0009266,1.0,1.0
GO:0009267,1.0,1.0
GO:0009268,1.0,1.0
GO:0009271,1.0,1.0
GO:0009273,1.0,1.0
GO:0009274,1.0,1.0
GO:0009276,1.0,1.0
GO:0009279,1.0,1.0
GO:0009288,1.0,1.0
GO:0009289,1.0,1.0
GO:0009290,1.0,1.0
GO:0009294,1.0,1.0
GO:0009295,0.2935431361909929,1.0
GO:0009297,1.0,1.0
GO:0009298,1.0,1.0
GO:0009306,1.0,1.0
GO:0009307,1.0,1.0
GO:0009308,1.0,1.0
GO:0009313,1.0,1.0
GO:0009314,0.5505798969072165,1.0
GO:0009316,1.0,1.0
GO:0009317,1.0,1.0
GO:0009318,1.0,1.0
GO:0009319,1.0,1.0
GO:0009321,1.0,1.0
GO:0009325,1.0,1.0
GO:0009326,1.0,1.0
GO:0009328,1.0,1.0
GO:0009329,1.0,1.0
GO:0009330,0.536082474226804,1.0
GO:0009331,1.0,1.0
GO:0009333,1.0,1.0
GO:0009334,1.0,1.0
GO:0009336,1.0,1.0
GO:0009337,1.0,1.0
GO:0009338,1.0,1.0
GO:0009339,1.0,1.0
GO:0009341,1.0,1.0
GO:0009342,1.0,1.0
GO:0009344,1.0,1.0
GO:0009345,1.0,1.0
GO:0009346,1.0,1.0
GO:0009347,1.0,1.0
GO:0009349,1.0,1.0
GO:0009350,1.0,1.0
GO:0009355,1.0,1.0
GO:0009356,1.0,1.0
GO:0009358,1.0,1.0
GO:0009360,1.0,1.0
GO:0009361,1.0,1.0
GO:0009365,1.0,1.0
GO:0009366,1.0,1.0
GO:0009368,1.0,1.0
GO:0009372,1.0,1.0
GO:0009374,1.0,1.0
GO:0009375,1.0,1.0
GO:0009376,1.0,1.0
GO:0009378,1.0,1.0
GO:0009379,1.0,1.0
GO:0009380,1.0,1.0
GO:0009381,1.0,1.0
GO:0009382,1.0,1.0
GO:0009383,0.3571428571428571,1.0
GO:0009384,1.0,1.0
GO:0009385,1.0,1.0
GO:0009389,1.0,1.0
GO:0009390,1.0,1.0
GO:0009392,1.0,1.0
GO:0009395,1.0,1.0
GO:0009396,1.0,1.0
GO:0009398,1.0,1.0
GO:0009399,1.0,1.0
GO:0009401,0.536082474226804,1.0
GO:0009403,1.0,1.0
GO:0009407,1.0,1.0
GO:0009408,1.0,1.0
GO:0009409,1.0,1.0
GO:0009410,0.536082474226804,1.0
GO:0009411,1.0,1.0
GO:0009416,1.0,1.0
GO:0009419,1.0,1.0
GO:0009421,1.0,1.0
GO:0009423,1.0,1.0
GO:0009424,1.0,1.0
GO:0009425,1.0,1.0
GO:0009426,1.0,1.0
GO:0009427,1.0,1.0
GO:0009428,1.0,1.0
GO:0009431,1.0,1.0
GO:0009432,1.0,1.0
GO:0009433,1.0,1.0
GO:0009435,1.0,1.0
GO:0009436,1.0,1.0
GO:0009437,1.0,1.0
GO:0009439,1.0,1.0
GO:0009440,1.0,1.0
GO:0009442,1.0,1.0
GO:0009443,1.0,1.0
GO:0009446,1.0,1.0
GO:0009447,1.0,1.0
GO:0009448,1.0,1.0
GO:0009450,0.3571428571428571,1.0
GO:0009451,1.0,1.0
GO:0009454,1.0,1.0
GO:0009486,1.0,1.0
GO:0009589,1.0,1.0
GO:0009593,1.0,1.0
GO:0009597,1.0,1.0
GO:0009636,1.0,1.0
GO:0009637,1.0,1.0
GO:0009651,0.3571428571428571,1.0
GO:0009675,1.0,1.0
GO:0009750,1.0,1.0
GO:0009758,1.0,1.0
GO:0009785,1.0,1.0
GO:0009881,1.0,1.0
GO:0009882,1.0,1.0
GO:0009889,1.0,1.0
GO:0009891,1.0,1.0
GO:0009898,0.3571428571428571,1.0
GO:0009927,1.0,1.0
GO:0009968,1.0,1.0
GO:0009970,1.0,1.0
GO:0009972,1.0,1.0
GO:0009977,1.0,1.0
GO:0009982,1.0,1.0
GO:0009986,1.0,1.0
GO:0009992,1.0,1.0
GO:0010033,1.0,1.0
GO:0010034,1.0,1.0
GO:0010038,1.0,1.0
GO:0010039,1.0,1.0
GO:0010041,1.0,1.0
GO:0010043,1.0,1.0
GO:0010045,1.0,1.0
GO:0010106,1.0,1.0
GO:0010124,1.0,1.0
GO:0010133,1.0,1.0
GO:0010134,1.0,1.0
GO:0010139,1.0,1.0
GO:0010165,0.3571428571428571,1.0
GO:0010170,1.0,1.0
GO:0010181,0.5505798969072165,1.0
GO:0010212,1.0,1.0
GO:0010226,1.0,1.0
GO:0010243,1.0,1.0
GO:0010272,1.0,1.0
GO:0010273,1.0,1.0
GO:0010288,1.0,1.0
GO:0010312,1.0,1.0
GO:0010326,1.0,1.0
GO:0010332,1.0,1.0
GO:0010340,1.0,1.0
GO:0010350,1.0,1.0
GO:0010385,1.0,1.0
GO:0010420,1.0,1.0
GO:0010438,1.0,1.0
GO:0010446,1.0,1.0
GO:0010447,1.0,1.0
GO:0010468,1.0,1.0
GO:0010487,1.0,1.0
GO:0010498,1.0,1.0
GO:0010501,1.0,1.0
GO:0010557,1.0,1.0
GO:0010608,1.0,1.0
GO:0010628,1.0,1.0
GO:0010629,1.0,1.0
GO:0010795,1.0,1.0
GO:0010810,1.0,1.0
GO:0010945,1.0,1.0
GO:0010960,1.0,1.0
GO:0010974,1.0,1.0
GO:0012501,1.0,1.0
GO:0014070,1.0,1.0
GO:0015020,1.0,1.0
GO:0015031,1.0,1.0
GO:0015035,1.0,1.0
GO:0015036,1.0,1.0
GO:0015038,1.0,1.0
GO:0015044,1.0,1.0
GO:0015074,1.0,1.0
GO:0015075,1.0,1.0
GO:0015078,1.0,1.0
GO:0015079,1.0,1.0
GO:0015080,1.0,1.0
GO:0015081,1.0,1.0
GO:0015086,1.0,1.0
GO:0015087,1.0,1.0
GO:0015091,1.0,1.0
GO:0015092,1.0,1.0
GO:0015093,1.0,1.0
GO:0015094,1.0,1.0
GO:0015095,1.0,1.0
GO:0015098,1.0,1.0
GO:0015099,1.0,1.0
GO:0015105,1.0,1.0
GO:0015112,1.0,1.0
GO:0015113,1.0,1.0
GO:0015116,1.0,1.0
GO:0015117,1.0,1.0
GO:0015123,1.0,1.0
GO:0015125,1.0,1.0
GO:0015128,1.0,1.0
GO:0015129,1.0,1.0
GO:0015134,1.0,1.0
GO:0015136,1.0,1.0
GO:0015138,1.0,1.0
GO:0015141,1.0,1.0
GO:0015143,1.0,1.0
GO:0015144,1.0,1.0
GO:0015147,1.0,1.0
GO:0015148,1.0,1.0
GO:0015150,1.0,1.0
GO:0015153,1.0,1.0
GO:0015159,1.0,1.0
GO:0015168,1.0,1.0
GO:0015169,1.0,1.0
GO:0015171,1.0,1.0
GO:0015173,1.0,1.0
GO:0015175,1.0,1.0
GO:0015179,1.0,1.0
GO:0015180,1.0,1.0
GO:0015183,1.0,1.0
GO:0015184,1.0,1.0
GO:0015185,1.0,1.0
GO:0015187,1.0,1.0
GO:0015188,1.0,1.0
GO:0015189,1.0,1.0
GO:0015190,1.0,1.0
GO:0015191,1.0,1.0
GO:0015192,1.0,1.0
GO:0015193,1.0,1.0
GO:0015194,1.0,1.0
GO:0015195,1.0,1.0
GO:0015196,1.0,1.0
GO:0015199,1.0,1.0
GO:0015205,1.0,1.0
GO:0015207,1.0,1.0
GO:0015208,1.0,1.0
GO:0015209,0.3571428571428571,1.0
GO:0015210,1.0,1.0
GO:0015211,1.0,1.0
GO:0015212,1.0,1.0
GO:0015213,1.0,1.0
GO:0015214,1.0,1.0
GO:0015218,1.0,1.0
GO:0015220,1.0,1.0
GO:0015221,1.0,1.0
GO:0015226,1.0,1.0
GO:0015230,1.0,1.0
GO:0015232,1.0,1.0
GO:0015233,1.0,1.0
GO:0015234,1.0,1.0
GO:0015250,1.0,1.0
GO:0015252,1.0,1.0
GO:0015254,1.0,1.0
GO:0015267,1.0,1.0
GO:0015276,1.0,1.0
GO:0015288,1.0,1.0
GO:0015291,0.3571428571428571,1.0
GO:0015292,1.0,1.0
GO:0015293,0.536082474226804,1.0
GO:0015294,1.0,1.0
GO:0015295,0.3571428571428571,1.0
GO:0015296,1.0,1.0
GO:0015297,1.0,1.0
GO:0015315,1.0,1.0
GO:0015333,1.0,1.0
GO:0015341,1.0,1.0
GO:0015343,1.0,1.0
GO:0015344,1.0,1.0
GO:0015360,1.0,1.0
GO:0015366,1.0,1.0
GO:0015379,1.0,1.0
GO:0015385,1.0,1.0
GO:0015386,1.0,1.0
GO:0015387,1.0,1.0
GO:0015399,1.0,1.0
GO:0015407,1.0,1.0
GO:0015408,1.0,1.0
GO:0015411,1.0,1.0
GO:0015412,1.0,1.0
GO:0015413,1.0,1.0
GO:0015415,1.0,1.0
GO:0015416,1.0,1.0
GO:0015417,1.0,1.0
GO:0015419,1.0,1.0
GO:0015420,1.0,1.0
GO:0015423,1.0,1.0
GO:0015424,1.0,1.0
GO:0015426,1.0,1.0
GO:0015430,1.0,1.0
GO:0015437,1.0,1.0
GO:0015439,1.0,1.0
GO:0015444,1.0,1.0
GO:0015450,1.0,1.0
GO:0015453,1.0,1.0
GO:0015471,1.0,1.0
GO:0015473,1.0,1.0
GO:0015478,1.0,1.0
GO:0015481,1.0,1.0
GO:0015483,1.0,1.0
GO:0015486,1.0,1.0
GO:0015487,1.0,1.0
GO:0015489,1.0,1.0
GO:0015496,1.0,1.0
GO:0015499,1.0,1.0
GO:0015501,1.0,1.0
GO:0015503,1.0,1.0
GO:0015505,1.0,1.0
GO:0015506,1.0,1.0
GO:0015517,1.0,1.0
GO:0015518,1.0,1.0
GO:0015519,1.0,1.0
GO:0015526,1.0,1.0
GO:0015527,1.0,1.0
GO:0015528,1.0,1.0
GO:0015530,1.0,1.0
GO:0015535,1.0,1.0
GO:0015538,1.0,1.0
GO:0015546,1.0,1.0
GO:0015553,1.0,1.0
GO:0015556,1.0,1.0
GO:0015558,1.0,1.0
GO:0015562,0.3571428571428571,1.0
GO:0015565,0.3571428571428571,1.0
GO:0015568,1.0,1.0
GO:0015572,1.0,1.0
GO:0015574,1.0,1.0
GO:0015577,1.0,1.0
GO:0015591,1.0,1.0
GO:0015592,1.0,1.0
GO:0015594,1.0,1.0
GO:0015599,1.0,1.0
GO:0015603,1.0,1.0
GO:0015606,1.0,1.0
GO:0015611,1.0,1.0
GO:0015612,1.0,1.0
GO:0015614,1.0,1.0
GO:0015615,1.0,1.0
GO:0015616,1.0,1.0
GO:0015620,1.0,1.0
GO:0015625,1.0,1.0
GO:0015627,1.0,1.0
GO:0015628,1.0,1.0
GO:0015633,1.0,1.0
GO:0015638,1.0,1.0
GO:0015643,1.0,1.0
GO:0015647,1.0,1.0
GO:0015648,1.0,1.0
GO:0015649,1.0,1.0
GO:0015654,1.0,1.0
GO:0015658,1.0,1.0
GO:0015661,1.0,1.0
GO:0015662,1.0,1.0
GO:0015666,1.0,1.0
GO:0015670,1.0,1.0
GO:0015671,1.0,1.0
GO:0015673,1.0,1.0
GO:0015675,1.0,1.0
GO:0015679,1.0,1.0
GO:0015685,1.0,1.0
GO:0015687,1.0,1.0
GO:0015689,1.0,1.0
GO:0015691,1.0,1.0
GO:0015692,1.0,1.0
GO:0015693,1.0,1.0
GO:0015695,1.0,1.0
GO:0015699,1.0,1.0
GO:0015700,1.0,1.0
GO:0015706,1.0,1.0
GO:0015707,1.0,1.0
GO:0015709,1.0,1.0
GO:0015710,1.0,1.0
GO:0015712,1.0,1.0
GO:0015716,1.0,1.0
GO:0015720,1.0,1.0
GO:0015721,1.0,1.0
GO:0015724,1.0,1.0
GO:0015726,1.0,1.0
GO:0015727,1.0,1.0
GO:0015733,1.0,1.0
GO:0015734,1.0,1.0
GO:0015736,1.0,1.0
GO:0015739,1.0,1.0
GO:0015740,1.0,1.0
GO:0015741,1.0,1.0
GO:0015744,1.0,1.0
GO:0015747,1.0,1.0
GO:0015751,1.0,1.0
GO:0015752,1.0,1.0
GO:0015753,1.0,1.0
GO:0015754,1.0,1.0
GO:0015755,1.0,1.0
GO:0015756,1.0,1.0
GO:0015757,1.0,1.0
GO:0015760,1.0,1.0
GO:0015761,1.0,1.0
GO:0015762,1.0,1.0
GO:0015764,1.0,1.0
GO:0015765,1.0,1.0
GO:0015767,1.0,1.0
GO:0015768,1.0,1.0
GO:0015769,1.0,1.0
GO:0015771,1.0,1.0
GO:0015772,1.0,1.0
GO:0015774,1.0,1.0
GO:0015778,1.0,1.0
GO:0015791,1.0,1.0
GO:0015793,1.0,1.0
GO:0015794,1.0,1.0
GO:0015795,1.0,1.0
GO:0015796,1.0,1.0
GO:0015797,1.0,1.0
GO:0015801,1.0,1.0
GO:0015803,1.0,1.0
GO:0015806,1.0,1.0
GO:0015807,1.0,1.0
GO:0015808,1.0,1.0
GO:0015810,1.0,1.0
GO:0015811,1.0,1.0
GO:0015812,1.0,1.0
GO:0015813,1.0,1.0
GO:0015814,1.0,1.0
GO:0015816,1.0,1.0
GO:0015818,1.0,1.0
GO:0015820,1.0,1.0
GO:0015821,1.0,1.0
GO:0015822,1.0,1.0
GO:0015823,1.0,1.0
GO:0015824,1.0,1.0
GO:0015825,1.0,1.0
GO:0015826,0.3571428571428571,1.0
GO:0015827,1.0,1.0
GO:0015828,1.0,1.0
GO:0015829,1.0,1.0
GO:0015833,1.0,1.0
GO:0015835,1.0,1.0
GO:0015836,1.0,1.0
GO:0015837,1.0,1.0
GO:0015838,1.0,1.0
GO:0015839,1.0,1.0
GO:0015846,1.0,1.0
GO:0015847,1.0,1.0
GO:0015848,1.0,1.0
GO:0015851,1.0,1.0
GO:0015853,1.0,1.0
GO:0015856,0.3571428571428571,1.0
GO:0015857,1.0,1.0
GO:0015858,1.0,1.0
GO:0015860,1.0,1.0
GO:0015861,1.0,1.0
GO:0015862,1.0,1.0
GO:0015863,1.0,1.0
GO:0015864,1.0,1.0
GO:0015871,1.0,1.0
GO:0015879,1.0,1.0
GO:0015882,1.0,1.0
GO:0015886,1.0,1.0
GO:0015887,1.0,1.0
GO:0015888,1.0,1.0
GO:0015889,1.0,1.0
GO:0015891,1.0,1.0
GO:0015904,1.0,1.0
GO:0015908,1.0,1.0
GO:0015909,1.0,1.0
GO:0015912,1.0,1.0
GO:0015914,1.0,1.0
GO:0015920,1.0,1.0
GO:0015926,1.0,1.0
GO:0015930,1.0,1.0
GO:0015934,1.0,1.0
GO:0015935,1.0,1.0
GO:0015936,1.0,1.0
GO:0015937,1.0,1.0
GO:0015940,1.0,1.0
GO:0015941,1.0,1.0
GO:0015942,1.0,1.0
GO:0015944,1.0,1.0
GO:0015949,0.536082474226804,1.0
GO:0015950,1.0,1.0
GO:0015951,1.0,1.0
GO:0015968,1.0,1.0
GO:0015969,1.0,1.0
GO:0015970,1.0,1.0
GO:0015974,1.0,1.0
GO:0015976,1.0,1.0
GO:0015977,1.0,1.0
GO:0015986,1.0,1.0
GO:0015990,1.0,1.0
GO:0016002,1.0,1.0
GO:0016020,0.005236480052070163,1.0
GO:0016024,1.0,1.0
GO:0016032,1.0,1.0
GO:0016034,1.0,1.0
GO:0016036,1.0,1.0
GO:0016042,1.0,1.0
GO:0016051,1.0,1.0
GO:0016052,1.0,1.0
GO:0016054,1.0,1.0
GO:0016070,1.0,1.0
GO:0016075,1.0,1.0
GO:0016094,0.3571428571428571,1.0
GO:0016114,1.0,1.0
GO:0016149,0.3571428571428571,1.0
GO:0016150,0.3571428571428571,1.0
GO:0016151,1.0,1.0
GO:0016154,1.0,1.0
GO:0016158,1.0,1.0
GO:0016208,1.0,1.0
GO:0016209,1.0,1.0
GO:0016212,1.0,1.0
GO:0016226,1.0,1.0
GO:0016231,1.0,1.0
GO:0016234,1.0,1.0
GO:0016259,1.0,1.0
GO:0016260,1.0,1.0
GO:0016261,1.0,1.0
GO:0016279,1.0,1.0
GO:0016289,1.0,1.0
GO:0016297,1.0,1.0
GO:0016298,1.0,1.0
GO:0016301,1.0,1.0
GO:0016310,1.0,1.0
GO:0016311,1.0,1.0
GO:0016405,1.0,1.0
GO:0016407,0.3571428571428571,1.0
GO:0016410,1.0,1.0
GO:0016413,0.3571428571428571,1.0
GO:0016415,1.0,1.0
GO:0016416,1.0,1.0
GO:0016430,1.0,1.0
GO:0016432,1.0,1.0
GO:0016433,1.0,1.0
GO:0016434,0.3571428571428571,1.0
GO:0016436,1.0,1.0
GO:0016462,1.0,1.0
GO:0016463,1.0,1.0
GO:0016485,1.0,1.0
GO:0016491,0.45137125634789543,1.0
GO:0016509,1.0,1.0
GO:0016530,1.0,1.0
GO:0016531,1.0,1.0
GO:0016540,1.0,1.0
GO:0016594,1.0,1.0
GO:0016595,1.0,1.0
GO:0016597,1.0,1.0
GO:0016614,1.0,1.0
GO:0016615,1.0,1.0
GO:0016616,0.12864312843965583,1.0
GO:0016618,1.0,1.0
GO:0016620,1.0,1.0
GO:0016624,1.0,1.0
GO:0016625,1.0,1.0
GO:0016627,1.0,1.0
GO:0016628,1.0,1.0
GO:0016639,0.3571428571428571,1.0
GO:0016645,1.0,1.0
GO:0016646,1.0,1.0
GO:0016647,1.0,1.0
GO:0016651,1.0,1.0
GO:0016652,1.0,1.0
GO:0016655,1.0,1.0
GO:0016661,1.0,1.0
GO:0016667,1.0,1.0
GO:0016668,1.0,1.0
GO:0016671,1.0,1.0
GO:0016672,1.0,1.0
GO:0016675,1.0,1.0
GO:0016679,1.0,1.0
GO:0016682,1.0,1.0
GO:0016684,1.0,1.0
GO:0016701,1.0,1.0
GO:0016705,1.0,1.0
GO:0016706,1.0,1.0
GO:0016709,1.0,1.0
GO:0016722,1.0,1.0
GO:0016724,1.0,1.0
GO:0016726,1.0,1.0
GO:0016731,1.0,1.0
GO:0016740,1.0,1.0
GO:0016741,1.0,1.0
GO:0016742,1.0,1.0
GO:0016743,1.0,1.0
GO:0016744,1.0,1.0
GO:0016746,1.0,1.0
GO:0016747,1.0,1.0
GO:0016748,1.0,1.0
GO:0016755,1.0,1.0
GO:0016757,1.0,1.0
GO:0016758,1.0,1.0
GO:0016759,1.0,1.0
GO:0016760,1.0,1.0
GO:0016763,1.0,1.0
GO:0016765,1.0,1.0
GO:0016768,1.0,1.0
GO:0016769,1.0,1.0
GO:0016772,1.0,1.0
GO:0016773,1.0,1.0
GO:0016774,0.3571428571428571,1.0
GO:0016775,1.0,1.0
GO:0016776,1.0,1.0
GO:0016778,1.0,1.0
GO:0016779,1.0,1.0
GO:0016780,1.0,1.0
GO:0016782,1.0,1.0
GO:0016783,1.0,1.0
GO:0016784,1.0,1.0
GO:0016787,1.0,1.0
GO:0016788,1.0,1.0
GO:0016790,1.0,1.0
GO:0016791,0.3571428571428571,1.0
GO:0016795,1.0,1.0
GO:0016798,1.0,1.0
GO:0016799,1.0,1.0
GO:0016803,1.0,1.0
GO:0016805,1.0,1.0
GO:0016807,1.0,1.0
GO:0016810,1.0,1.0
GO:0016811,1.0,1.0
GO:0016812,1.0,1.0
GO:0016813,1.0,1.0
GO:0016814,1.0,1.0
GO:0016817,1.0,1.0
GO:0016818,1.0,1.0
GO:0016823,1.0,1.0
GO:0016829,0.41637997714180164,1.0
GO:0016830,1.0,1.0
GO:0016831,1.0,1.0
GO:0016832,1.0,1.0
GO:0016833,1.0,1.0
GO:0016835,1.0,1.0
GO:0016836,1.0,1.0
GO:0016837,1.0,1.0
GO:0016840,1.0,1.0
GO:0016853,1.0,1.0
GO:0016854,1.0,1.0
GO:0016855,1.0,1.0
GO:0016857,1.0,1.0
GO:0016861,1.0,1.0
GO:0016862,1.0,1.0
GO:0016866,1.0,1.0
GO:0016868,1.0,1.0
GO:0016869,1.0,1.0
GO:0016872,1.0,1.0
GO:0016874,1.0,1.0
GO:0016878,1.0,1.0
GO:0016879,1.0,1.0
GO:0016880,1.0,1.0
GO:0016881,1.0,1.0
GO:0016887,0.536082474226804,1.0
GO:0016888,1.0,1.0
GO:0016891,1.0,1.0
GO:0016892,1.0,1.0
GO:0016896,1.0,1.0
GO:0016901,0.3571428571428571,1.0
GO:0016903,1.0,1.0
GO:0016926,1.0,1.0
GO:0016929,1.0,1.0
GO:0016966,1.0,1.0
GO:0016979,1.0,1.0
GO:0016987,1.0,1.0
GO:0016989,1.0,1.0
GO:0016992,1.0,1.0
GO:0016998,1.0,1.0
GO:0017001,1.0,1.0
GO:0017004,1.0,1.0
GO:0017018,0.3571428571428571,1.0
GO:0017038,1.0,1.0
GO:0017053,1.0,1.0
GO:0017057,1.0,1.0
GO:0017061,1.0,1.0
GO:0017089,1.0,1.0
GO:0017108,1.0,1.0
GO:0017110,1.0,1.0
GO:0017111,1.0,1.0
GO:0017116,1.0,1.0
GO:0017117,1.0,1.0
GO:0017118,1.0,1.0
GO:0017136,1.0,1.0
GO:0017148,1.0,1.0
GO:0017150,1.0,1.0
GO:0017151,1.0,1.0
GO:0017168,1.0,1.0
GO:0018023,1.0,1.0
GO:0018104,1.0,1.0
GO:0018117,1.0,1.0
GO:0018131,1.0,1.0
GO:0018169,1.0,1.0
GO:0018206,1.0,1.0
GO:0018277,1.0,1.0
GO:0018345,1.0,1.0
GO:0018364,1.0,1.0
GO:0018393,1.0,1.0
GO:0018394,1.0,1.0
GO:0018455,1.0,1.0
GO:0018498,1.0,1.0
GO:0018738,1.0,1.0
GO:0018741,1.0,1.0
GO:0018756,1.0,1.0
GO:0018771,1.0,1.0
GO:0018773,1.0,1.0
GO:0018907,1.0,1.0
GO:0018909,1.0,1.0
GO:0018937,1.0,1.0
GO:0019003,0.3571428571428571,1.0
GO:0019008,1.0,1.0
GO:0019042,1.0,1.0
GO:0019068,1.0,1.0
GO:0019104,1.0,1.0
GO:0019107,1.0,1.0
GO:0019134,1.0,1.0
GO:0019143,1.0,1.0
GO:0019144,1.0,1.0
GO:0019145,1.0,1.0
GO:0019146,1.0,1.0
GO:0019147,1.0,1.0
GO:0019148,1.0,1.0
GO:0019149,1.0,1.0
GO:0019150,1.0,1.0
GO:0019153,1.0,1.0
GO:0019154,1.0,1.0
GO:0019158,1.0,1.0
GO:0019159,1.0,1.0
GO:0019161,1.0,1.0
GO:0019165,1.0,1.0
GO:0019168,1.0,1.0
GO:0019170,1.0,1.0
GO:0019171,1.0,1.0
GO:0019172,1.0,1.0
GO:0019177,1.0,1.0
GO:0019180,1.0,1.0
GO:0019200,1.0,1.0
GO:0019213,1.0,1.0
GO:0019217,1.0,1.0
GO:0019239,1.0,1.0
GO:0019240,1.0,1.0
GO:0019242,1.0,1.0
GO:0019243,1.0,1.0
GO:0019249,1.0,1.0
GO:0019250,1.0,1.0
GO:0019262,1.0,1.0
GO:0019264,1.0,1.0
GO:0019272,1.0,1.0
GO:0019277,1.0,1.0
GO:0019281,1.0,1.0
GO:0019284,1.0,1.0
GO:0019285,1.0,1.0
GO:0019288,1.0,1.0
GO:0019290,1.0,1.0
GO:0019292,1.0,1.0
GO:0019294,1.0,1.0
GO:0019299,1.0,1.0
GO:0019301,1.0,1.0
GO:0019303,1.0,1.0
GO:0019305,1.0,1.0
GO:0019309,1.0,1.0
GO:0019310,1.0,1.0
GO:0019316,1.0,1.0
GO:0019317,1.0,1.0
GO:0019318,1.0,1.0
GO:0019321,1.0,1.0
GO:0019323,1.0,1.0
GO:0019324,1.0,1.0
GO:0019333,1.0,1.0
GO:0019343,1.0,1.0
GO:0019344,1.0,1.0
GO:0019345,1.0,1.0
GO:0019346,1.0,1.0
GO:0019353,1.0,1.0
GO:0019354,1.0,1.0
GO:0019363,1.0,1.0
GO:0019365,1.0,1.0
GO:0019367,1.0,1.0
GO:0019379,1.0,1.0
GO:0019380,1.0,1.0
GO:0019391,1.0,1.0
GO:0019394,1.0,1.0
GO:0019402,1.0,1.0
GO:0019404,1.0,1.0
GO:0019413,0.3571428571428571,1.0
GO:0019427,1.0,1.0
GO:0019430,1.0,1.0
GO:0019447,1.0,1.0
GO:0019448,1.0,1.0
GO:0019450,1.0,1.0
GO:0019464,1.0,1.0
GO:0019477,1.0,1.0
GO:0019478,1.0,1.0
GO:0019480,1.0,1.0
GO:0019509,1.0,1.0
GO:0019516,0.3571428571428571,1.0
GO:0019518,1.0,1.0
GO:0019521,1.0,1.0
GO:0019529,1.0,1.0
GO:0019534,1.0,1.0
GO:0019538,1.0,1.0
GO:0019542,0.3571428571428571,1.0
GO:0019544,1.0,1.0
GO:0019545,1.0,1.0
GO:0019546,1.0,1.0
GO:0019563,1.0,1.0
GO:0019568,1.0,1.0
GO:0019569,1.0,1.0
GO:0019571,1.0,1.0
GO:0019572,1.0,1.0
GO:0019580,1.0,1.0
GO:0019584,1.0,1.0
GO:0019588,1.0,1.0
GO:0019592,0.3571428571428571,1.0
GO:0019594,0.3571428571428571,1.0
GO:0019607,1.0,1.0
GO:0019619,1.0,1.0
GO:0019622,1.0,1.0
GO:0019628,1.0,1.0
GO:0019629,1.0,1.0
GO:0019632,1.0,1.0
GO:0019634,1.0,1.0
GO:0019637,1.0,1.0
GO:0019645,0.2935431361909929,1.0
GO:0019646,1.0,1.0
GO:0019660,1.0,1.0
GO:0019664,1.0,1.0
GO:0019665,1.0,1.0
GO:0019673,1.0,1.0
GO:0019674,1.0,1.0
GO:0019676,1.0,1.0
GO:0019677,1.0,1.0
GO:0019678,1.0,1.0
GO:0019679,1.0,1.0
GO:0019686,1.0,1.0
GO:0019693,1.0,1.0
GO:0019698,0.3571428571428571,1.0
GO:0019700,1.0,1.0
GO:0019720,1.0,1.0
GO:0019740,1.0,1.0
GO:0019752,1.0,1.0
GO:0019805,1.0,1.0
GO:0019808,1.0,1.0
GO:0019809,1.0,1.0
GO:0019810,1.0,1.0
GO:0019812,1.0,1.0
GO:0019825,1.0,1.0
GO:0019826,1.0,1.0
GO:0019829,1.0,1.0
GO:0019843,1.0,1.0
GO:0019852,1.0,1.0
GO:0019853,1.0,1.0
GO:0019854,1.0,1.0
GO:0019856,1.0,1.0
GO:0019858,0.3571428571428571,1.0
GO:0019859,1.0,1.0
GO:0019866,1.0,1.0
GO:0019867,1.0,1.0
GO:0019877,1.0,1.0
GO:0019878,1.0,1.0
GO:0019897,1.0,1.0
GO:0019898,1.0,1.0
GO:0019899,1.0,1.0
GO:0019901,1.0,1.0
GO:0019904,1.0,1.0
GO:0019985,1.0,1.0
GO:0019988,1.0,1.0
GO:0019992,1.0,1.0
GO:0020002,1.0,1.0
GO:0020037,0.5505798969072165,1.0
GO:0022417,1.0,1.0
GO:0022611,1.0,1.0
GO:0022625,1.0,1.0
GO:0022626,1.0,1.0
GO:0022627,1.0,1.0
GO:0022834,1.0,1.0
GO:0022857,1.0,1.0
GO:0022870,1.0,1.0
GO:0022872,1.0,1.0
GO:0022877,1.0,1.0
GO:0022883,1.0,1.0
GO:0022900,1.0,1.0
GO:0022904,1.0,1.0
GO:0023019,1.0,1.0
GO:0030001,1.0,1.0
GO:0030003,1.0,1.0
GO:0030026,1.0,1.0
GO:0030060,1.0,1.0
GO:0030091,1.0,1.0
GO:0030145,1.0,1.0
GO:0030151,1.0,1.0
GO:0030153,1.0,1.0
GO:0030162,1.0,1.0
GO:0030163,1.0,1.0
GO:0030164,1.0,1.0
GO:0030170,0.536082474226804,1.0
GO:0030174,1.0,1.0
GO:0030234,1.0,1.0
GO:0030244,1.0,1.0
GO:0030245,1.0,1.0
GO:0030246,1.0,1.0
GO:0030254,1.0,1.0
GO:0030257,1.0,1.0
GO:0030258,1.0,1.0
GO:0030259,1.0,1.0
GO:0030261,0.5505798969072165,1.0
GO:0030266,1.0,1.0
GO:0030267,1.0,1.0
GO:0030272,1.0,1.0
GO:0030288,0.7076644753010262,1.0
GO:0030295,1.0,1.0
GO:0030307,1.0,1.0
GO:0030308,1.0,1.0
GO:0030313,1.0,1.0
GO:0030337,1.0,1.0
GO:0030350,1.0,1.0
GO:0030366,1.0,1.0
GO:0030371,1.0,1.0
GO:0030388,1.0,1.0
GO:0030395,1.0,1.0
GO:0030414,1.0,1.0
GO:0030420,1.0,1.0
GO:0030428,1.0,1.0
GO:0030488,1.0,1.0
GO:0030490,0.3571428571428571,1.0
GO:0030497,1.0,1.0
GO:0030527,0.5505798969072165,1.0
GO:0030541,1.0,1.0
GO:0030552,1.0,1.0
GO:0030572,1.0,1.0
GO:0030573,1.0,1.0
GO:0030599,1.0,1.0
GO:0030604,1.0,1.0
GO:0030611,1.0,1.0
GO:0030613,1.0,1.0
GO:0030632,1.0,1.0
GO:0030641,1.0,1.0
GO:0030643,1.0,1.0
GO:0030674,1.0,1.0
GO:0030677,1.0,1.0
GO:0030694,1.0,1.0
GO:0030697,1.0,1.0
GO:0030798,1.0,1.0
GO:0030813,1.0,1.0
GO:0030880,1.0,1.0
GO:0030894,1.0,1.0
GO:0030955,1.0,1.0
GO:0030964,0.536082474226804,1.0
GO:0030973,1.0,1.0
GO:0030975,1.0,1.0
GO:0030976,1.0,1.0
GO:0030980,1.0,1.0
GO:0030983,1.0,1.0
GO:0031004,1.0,1.0
GO:0031071,1.0,1.0
GO:0031072,1.0,1.0
GO:0031118,1.0,1.0
GO:0031119,1.0,1.0
GO:0031123,1.0,1.0
GO:0031125,1.0,1.0
GO:0031132,1.0,1.0
GO:0031163,1.0,1.0
GO:0031167,0.3571428571428571,1.0
GO:0031177,1.0,1.0
GO:0031220,1.0,1.0
GO:0031234,0.3571428571428571,1.0
GO:0031240,1.0,1.0
GO:0031241,1.0,1.0
GO:0031250,1.0,1.0
GO:0031297,1.0,1.0
GO:0031317,1.0,1.0
GO:0031346,1.0,1.0
GO:0031365,1.0,1.0
GO:0031388,1.0,1.0
GO:0031400,1.0,1.0
GO:0031402,1.0,1.0
GO:0031403,1.0,1.0
GO:0031404,1.0,1.0
GO:0031405,1.0,1.0
GO:0031418,1.0,1.0
GO:0031419,1.0,1.0
GO:0031420,1.0,1.0
GO:0031421,1.0,1.0
GO:0031427,1.0,1.0
GO:0031459,1.0,1.0
GO:0031460,1.0,1.0
GO:0031469,1.0,1.0
GO:0031471,1.0,1.0
GO:0031522,1.0,1.0
GO:0031554,1.0,1.0
GO:0031555,1.0,1.0
GO:0031556,1.0,1.0
GO:0031564,1.0,1.0
GO:0031589,1.0,1.0
GO:0031638,1.0,1.0
GO:0031640,1.0,1.0
GO:0031648,1.0,1.0
GO:0031667,1.0,1.0
GO:0031669,1.0,1.0
GO:0031670,1.0,1.0
GO:0031956,1.0,1.0
GO:0031992,1.0,1.0
GO:0032025,1.0,1.0
GO:0032026,1.0,1.0
GO:0032045,1.0,1.0
GO:0032049,1.0,1.0
GO:0032055,1.0,1.0
GO:0032067,1.0,1.0
GO:0032110,1.0,1.0
GO:0032131,1.0,1.0
GO:0032135,1.0,1.0
GO:0032136,1.0,1.0
GO:0032150,1.0,1.0
GO:0032153,1.0,1.0
GO:0032194,1.0,1.0
GO:0032196,1.0,1.0
GO:0032238,1.0,1.0
GO:0032259,0.6152333152468801,1.0
GO:0032261,1.0,1.0
GO:0032263,1.0,1.0
GO:0032264,1.0,1.0
GO:0032265,1.0,1.0
GO:0032267,1.0,1.0
GO:0032272,1.0,1.0
GO:0032297,1.0,1.0
GO:0032298,1.0,1.0
GO:0032299,1.0,1.0
GO:0032300,1.0,1.0
GO:0032324,1.0,1.0
GO:0032329,1.0,1.0
GO:0032357,1.0,1.0
GO:0032359,1.0,1.0
GO:0032361,1.0,1.0
GO:0032413,1.0,1.0
GO:0032448,1.0,1.0
GO:0032450,1.0,1.0
GO:0032466,1.0,1.0
GO:0032506,1.0,1.0
GO:0032508,1.0,1.0
GO:0032549,1.0,1.0
GO:0032553,1.0,1.0
GO:0032556,1.0,1.0
GO:0032561,1.0,1.0
GO:0032564,1.0,1.0
GO:0032567,1.0,1.0
GO:0032781,1.0,1.0
GO:0032784,0.3571428571428571,1.0
GO:0032787,1.0,1.0
GO:0032790,1.0,1.0
GO:0032794,1.0,1.0
GO:0032843,1.0,1.0
GO:0032885,1.0,1.0
GO:0032940,1.0,1.0
GO:0032955,1.0,1.0
GO:0032973,1.0,1.0
GO:0032977,1.0,1.0
GO:0032978,1.0,1.0
GO:0032991,1.0,1.0
GO:0032993,0.536082474226804,1.0
GO:0033014,1.0,1.0
GO:0033051,1.0,1.0
GO:0033094,1.0,1.0
GO:0033120,1.0,1.0
GO:0033194,1.0,1.0
GO:0033195,1.0,1.0
GO:0033201,1.0,1.0
GO:0033202,1.0,1.0
GO:0033212,1.0,1.0
GO:0033214,1.0,1.0
GO:0033215,1.0,1.0
GO:0033228,0.3571428571428571,1.0
GO:0033229,1.0,1.0
GO:0033232,1.0,1.0
GO:0033281,1.0,1.0
GO:0033293,1.0,1.0
GO:0033296,1.0,1.0
GO:0033320,1.0,1.0
GO:0033345,1.0,1.0
GO:0033353,1.0,1.0
GO:0033359,1.0,1.0
GO:0033384,1.0,1.0
GO:0033387,1.0,1.0
GO:0033388,1.0,1.0
GO:0033389,1.0,1.0
GO:0033468,1.0,1.0
GO:0033477,1.0,1.0
GO:0033499,1.0,1.0
GO:0033512,1.0,1.0
GO:0033528,1.0,1.0
GO:0033539,1.0,1.0
GO:0033542,1.0,1.0
GO:0033543,1.0,1.0
GO:0033554,1.0,1.0
GO:0033558,1.0,1.0
GO:0033567,1.0,1.0
GO:0033573,1.0,1.0
GO:0033585,1.0,1.0
GO:0033592,1.0,1.0
GO:0033608,1.0,1.0
GO:0033611,1.0,1.0
GO:0033644,1.0,1.0
GO:0033677,1.0,1.0
GO:0033679,1.0,1.0
GO:0033711,1.0,1.0
GO:0033721,1.0,1.0
GO:0033739,1.0,1.0
GO:0033743,1.0,1.0
GO:0033744,1.0,1.0
GO:0033745,1.0,1.0
GO:0033748,1.0,1.0
GO:0033764,1.0,1.0
GO:0033785,1.0,1.0
GO:0033786,1.0,1.0
GO:0033797,1.0,1.0
GO:0033812,1.0,1.0
GO:0033818,1.0,1.0
GO:0033819,1.0,1.0
GO:0033831,1.0,1.0
GO:0033856,1.0,1.0
GO:0033862,1.0,1.0
GO:0033863,1.0,1.0
GO:0033883,1.0,1.0
GO:0033890,1.0,1.0
GO:0033897,1.0,1.0
GO:0033969,1.0,1.0
GO:0033971,1.0,1.0
GO:0033982,1.0,1.0
GO:0034015,1.0,1.0
GO:0034017,1.0,1.0
GO:0034023,1.0,1.0
GO:0034024,1.0,1.0
GO:0034028,1.0,1.0
GO:0034039,1.0,1.0
GO:0034040,1.0,1.0
GO:0034057,1.0,1.0
GO:0034062,1.0,1.0
GO:0034194,1.0,1.0
GO:0034195,1.0,1.0
GO:0034198,1.0,1.0
GO:0034200,1.0,1.0
GO:0034203,1.0,1.0
GO:0034204,1.0,1.0
GO:0034213,1.0,1.0
GO:0034214,1.0,1.0
GO:0034219,1.0,1.0
GO:0034220,1.0,1.0
GO:0034224,1.0,1.0
GO:0034227,1.0,1.0
GO:0034228,1.0,1.0
GO:0034229,1.0,1.0
GO:0034257,1.0,1.0
GO:0034258,1.0,1.0
GO:0034289,1.0,1.0
GO:0034335,0.536082474226804,1.0
GO:0034336,1.0,1.0
GO:0034337,1.0,1.0
GO:0034338,1.0,1.0
GO:0034353,1.0,1.0
GO:0034355,1.0,1.0
GO:0034386,1.0,1.0
GO:0034421,1.0,1.0
GO:0034458,1.0,1.0
GO:0034552,1.0,1.0
GO:0034567,1.0,1.0
GO:0034599,1.0,1.0
GO:0034605,1.0,1.0
GO:0034611,1.0,1.0
GO:0034614,1.0,1.0
GO:0034618,1.0,1.0
GO:0034620,1.0,1.0
GO:0034628,1.0,1.0
GO:0034639,1.0,1.0
GO:0034644,0.3571428571428571,1.0
GO:0034656,1.0,1.0
GO:0034700,1.0,1.0
GO:0034702,1.0,1.0
GO:0034707,1.0,1.0
GO:0034722,1.0,1.0
GO:0034755,1.0,1.0
GO:0034763,1.0,1.0
GO:0034775,1.0,1.0
GO:0034979,1.0,1.0
GO:0034986,1.0,1.0
GO:0035250,1.0,1.0
GO:0035312,1.0,1.0
GO:0035344,1.0,1.0
GO:0035350,1.0,1.0
GO:0035351,1.0,1.0
GO:0035368,1.0,1.0
GO:0035429,1.0,1.0
GO:0035433,1.0,1.0
GO:0035434,1.0,1.0
GO:0035435,1.0,1.0
GO:0035438,1.0,1.0
GO:0035442,1.0,1.0
GO:0035443,1.0,1.0
GO:0035444,1.0,1.0
GO:0035460,1.0,1.0
GO:0035461,1.0,1.0
GO:0035485,1.0,1.0
GO:0035513,1.0,1.0
GO:0035515,1.0,1.0
GO:0035516,1.0,1.0
GO:0035524,1.0,1.0
GO:0035527,1.0,1.0
GO:0035529,1.0,1.0
GO:0035539,1.0,1.0
GO:0035556,1.0,1.0
GO:0035596,1.0,1.0
GO:0035597,1.0,1.0
GO:0035599,1.0,1.0
GO:0035600,1.0,1.0
GO:0035672,1.0,1.0
GO:0035725,1.0,1.0
GO:0035785,1.0,1.0
GO:0035796,1.0,1.0
GO:0035821,1.0,1.0
GO:0035825,1.0,1.0
GO:0035864,1.0,1.0
GO:0035865,1.0,1.0
GO:0035870,1.0,1.0
GO:0035873,1.0,1.0
GO:0035888,1.0,1.0
GO:0035925,1.0,1.0
GO:0035999,1.0,1.0
GO:0036001,1.0,1.0
GO:0036009,1.0,1.0
GO:0036054,1.0,1.0
GO:0036055,1.0,1.0
GO:0036065,1.0,1.0
GO:0036088,1.0,1.0
GO:0036094,1.0,1.0
GO:0036104,1.0,1.0
GO:0036108,1.0,1.0
GO:0036121,1.0,1.0
GO:0036125,1.0,1.0
GO:0036172,1.0,1.0
GO:0036173,1.0,1.0
GO:0036198,1.0,1.0
GO:0036211,1.0,1.0
GO:0036218,1.0,1.0
GO:0036220,1.0,1.0
GO:0036221,1.0,1.0
GO:0036222,1.0,1.0
GO:0036243,0.3571428571428571,1.0
GO:0036260,1.0,1.0
GO:0036265,1.0,1.0
GO:0036297,1.0,1.0
GO:0036298,1.0,1.0
GO:0036307,1.0,1.0
GO:0036308,1.0,1.0
GO:0036311,1.0,1.0
GO:0036355,1.0,1.0
GO:0036373,1.0,1.0
GO:0036374,1.0,1.0
GO:0036376,1.0,1.0
GO:0036380,1.0,1.0
GO:0036386,0.5505798969072165,1.0
GO:0036397,1.0,1.0
GO:0036402,1.0,1.0
GO:0036411,1.0,1.0
GO:0036412,1.0,1.0
GO:0036424,1.0,1.0
GO:0036428,1.0,1.0
GO:0036429,1.0,1.0
GO:0036430,1.0,1.0
GO:0036431,1.0,1.0
GO:0036440,1.0,1.0
GO:0036448,1.0,1.0
GO:0036456,1.0,1.0
GO:0036460,1.0,1.0
GO:0036506,1.0,1.0
GO:0036524,1.0,1.0
GO:0038023,1.0,1.0
GO:0040008,1.0,1.0
GO:0040033,1.0,1.0
GO:0042026,1.0,1.0
GO:0042054,1.0,1.0
GO:0042126,1.0,1.0
GO:0042128,0.6520726786806893,1.0
GO:0042132,1.0,1.0
GO:0042134,1.0,1.0
GO:0042150,1.0,1.0
GO:0042157,1.0,1.0
GO:0042158,1.0,1.0
GO:0042167,1.0,1.0
GO:0042168,1.0,1.0
GO:0042177,1.0,1.0
GO:0042182,1.0,1.0
GO:0042245,1.0,1.0
GO:0042254,0.3571428571428571,1.0
GO:0042255,1.0,1.0
GO:0042256,1.0,1.0
GO:0042262,1.0,1.0
GO:0042274,0.3571428571428571,1.0
GO:0042276,1.0,1.0
GO:0042277,1.0,1.0
GO:0042278,1.0,1.0
GO:0042279,1.0,1.0
GO:0042286,1.0,1.0
GO:0042301,1.0,1.0
GO:0042304,1.0,1.0
GO:0042351,1.0,1.0
GO:0042354,1.0,1.0
GO:0042355,1.0,1.0
GO:0042364,1.0,1.0
GO:0042371,1.0,1.0
GO:0042380,1.0,1.0
GO:0042391,1.0,1.0
GO:0042398,1.0,1.0
GO:0042413,1.0,1.0
GO:0042431,1.0,1.0
GO:0042450,1.0,1.0
GO:0042454,1.0,1.0
GO:0042538,1.0,1.0
GO:0042542,1.0,1.0
GO:0042545,1.0,1.0
GO:0042558,1.0,1.0
GO:0042559,1.0,1.0
GO:0042577,1.0,1.0
GO:0042578,1.0,1.0
GO:0042586,1.0,1.0
GO:0042594,1.0,1.0
GO:0042597,1.0,1.0
GO:0042602,1.0,1.0
GO:0042619,1.0,1.0
GO:0042626,1.0,1.0
GO:0042709,1.0,1.0
GO:0042732,1.0,1.0
GO:0042742,1.0,1.0
GO:0042743,1.0,1.0
GO:0042744,1.0,1.0
GO:0042759,1.0,1.0
GO:0042773,1.0,1.0
GO:0042777,1.0,1.0
GO:0042780,1.0,1.0
GO:0042781,1.0,1.0
GO:0042802,1.0,1.0
GO:0042803,0.5152180755142414,1.0
GO:0042806,1.0,1.0
GO:0042816,1.0,1.0
GO:0042817,1.0,1.0
GO:0042819,1.0,1.0
GO:0042823,1.0,1.0
GO:0042834,1.0,1.0
GO:0042836,1.0,1.0
GO:0042838,1.0,1.0
GO:0042840,0.3571428571428571,1.0
GO:0042843,1.0,1.0
GO:0042846,1.0,1.0
GO:0042866,1.0,1.0
GO:0042867,1.0,1.0
GO:0042873,1.0,1.0
GO:0042875,1.0,1.0
GO:0042881,1.0,1.0
GO:0042882,1.0,1.0
GO:0042883,1.0,1.0
GO:0042884,1.0,1.0
GO:0042885,1.0,1.0
GO:0042906,1.0,1.0
GO:0042907,1.0,1.0
GO:0042908,1.0,1.0
GO:0042910,1.0,1.0
GO:0042912,1.0,1.0
GO:0042914,1.0,1.0
GO:0042918,1.0,1.0
GO:0042919,1.0,1.0
GO:0042925,1.0,1.0
GO:0042928,1.0,1.0
GO:0042930,1.0,1.0
GO:0042931,1.0,1.0
GO:0042937,1.0,1.0
GO:0042938,1.0,1.0
GO:0042939,1.0,1.0
GO:0042941,1.0,1.0
GO:0042942,1.0,1.0
GO:0042944,1.0,1.0
GO:0042945,1.0,1.0
GO:0042953,1.0,1.0
GO:0042956,1.0,1.0
GO:0042958,1.0,1.0
GO:0042960,1.0,1.0
GO:0042968,0.3571428571428571,1.0
GO:0042970,0.3571428571428571,1.0
GO:0043021,1.0,1.0
GO:0043022,0.3571428571428571,1.0
GO:0043023,1.0,1.0
GO:0043024,1.0,1.0
GO:0043039,1.0,1.0
GO:0043041,1.0,1.0
GO:0043043,1.0,1.0
GO:0043052,1.0,1.0
GO:0043066,1.0,1.0
GO:0043068,1.0,1.0
GO:0043085,1.0,1.0
GO:0043093,1.0,1.0
GO:0043094,1.0,1.0
GO:0043100,1.0,1.0
GO:0043102,1.0,1.0
GO:0043103,1.0,1.0
GO:0043107,1.0,1.0
GO:0043113,1.0,1.0
GO:0043115,1.0,1.0
GO:0043136,1.0,1.0
GO:0043137,1.0,1.0
GO:0043138,1.0,1.0
GO:0043139,1.0,1.0
GO:0043164,1.0,1.0
GO:0043165,1.0,1.0
GO:0043168,1.0,1.0
GO:0043169,1.0,1.0
GO:0043171,1.0,1.0
GO:0043175,1.0,1.0
GO:0043190,1.0,1.0
GO:0043199,1.0,1.0
GO:0043200,0.3571428571428571,1.0
GO:0043201,1.0,1.0
GO:0043213,1.0,1.0
GO:0043229,1.0,1.0
GO:0043231,1.0,1.0
GO:0043232,1.0,1.0
GO:0043254,1.0,1.0
GO:0043295,1.0,1.0
GO:0043335,1.0,1.0
GO:0043365,1.0,1.0
GO:0043424,1.0,1.0
GO:0043442,1.0,1.0
GO:0043468,1.0,1.0
GO:0043470,1.0,1.0
GO:0043487,1.0,1.0
GO:0043488,1.0,1.0
GO:0043527,1.0,1.0
GO:0043530,1.0,1.0
GO:0043531,1.0,1.0
GO:0043546,0.536082474226804,1.0
GO:0043565,0.28948821796759944,1.0
GO:0043571,1.0,1.0
GO:0043580,1.0,1.0
GO:0043590,1.0,1.0
GO:0043597,1.0,1.0
GO:0043602,1.0,1.0
GO:0043604,1.0,1.0
GO:0043609,1.0,1.0
GO:0043628,1.0,1.0
GO:0043633,1.0,1.0
GO:0043682,1.0,1.0
GO:0043683,1.0,1.0
GO:0043686,1.0,1.0
GO:0043687,1.0,1.0
GO:0043708,1.0,1.0
GO:0043709,1.0,1.0
GO:0043711,1.0,1.0
GO:0043726,1.0,1.0
GO:0043737,1.0,1.0
GO:0043739,1.0,1.0
GO:0043743,1.0,1.0
GO:0043748,1.0,1.0
GO:0043751,1.0,1.0
GO:0043752,1.0,1.0
GO:0043755,1.0,1.0
GO:0043765,1.0,1.0
GO:0043768,1.0,1.0
GO:0043770,1.0,1.0
GO:0043771,1.0,1.0
GO:0043772,1.0,1.0
GO:0043798,1.0,1.0
GO:0043811,1.0,1.0
GO:0043815,1.0,1.0
GO:0043821,1.0,1.0
GO:0043824,1.0,1.0
GO:0043825,1.0,1.0
GO:0043828,1.0,1.0
GO:0043838,1.0,1.0
GO:0043842,1.0,1.0
GO:0043846,1.0,1.0
GO:0043856,1.0,1.0
GO:0043862,1.0,1.0
GO:0043872,1.0,1.0
GO:0043873,1.0,1.0
GO:0043875,1.0,1.0
GO:0043877,1.0,1.0
GO:0043879,1.0,1.0
GO:0043883,1.0,1.0
GO:0043887,1.0,1.0
GO:0043906,1.0,1.0
GO:0043907,1.0,1.0
GO:0043908,1.0,1.0
GO:0043916,1.0,1.0
GO:0043918,1.0,1.0
GO:0043952,1.0,1.0
GO:0043953,1.0,1.0
GO:0043957,1.0,1.0
GO:0044010,0.5505798969072165,1.0
GO:0044011,0.3571428571428571,1.0
GO:0044027,1.0,1.0
GO:0044038,1.0,1.0
GO:0044096,1.0,1.0
GO:0044179,1.0,1.0
GO:0044183,1.0,1.0
GO:0044205,0.536082474226804,1.0
GO:0044206,1.0,1.0
GO:0044208,1.0,1.0
GO:0044209,1.0,1.0
GO:0044210,1.0,1.0
GO:0044211,1.0,1.0
GO:0044248,1.0,1.0
GO:0044255,1.0,1.0
GO:0044272,1.0,1.0
GO:0044281,1.0,1.0
GO:0044283,1.0,1.0
GO:0044318,1.0,1.0
GO:0044341,1.0,1.0
GO:0044349,1.0,1.0
GO:0044355,1.0,1.0
GO:0044374,1.0,1.0
GO:0044384,1.0,1.0
GO:0044403,1.0,1.0
GO:0044532,1.0,1.0
GO:0044547,1.0,1.0
GO:0044550,1.0,1.0
GO:0044569,1.0,1.0
GO:0044571,1.0,1.0
GO:0044581,1.0,1.0
GO:0044610,1.0,1.0
GO:0044659,1.0,1.0
GO:0044667,1.0,1.0
GO:0044715,1.0,1.0
GO:0044716,1.0,1.0
GO:0044718,1.0,1.0
GO:0044729,1.0,1.0
GO:0044776,1.0,1.0
GO:0044777,1.0,1.0
GO:0044780,1.0,1.0
GO:0044781,1.0,1.0
GO:0044787,1.0,1.0
GO:0044799,1.0,1.0
GO:0044826,1.0,1.0
GO:0044873,1.0,1.0
GO:0044874,1.0,1.0
GO:0044877,1.0,1.0
GO:0045004,1.0,1.0
GO:0045013,1.0,1.0
GO:0045121,1.0,1.0
GO:0045127,1.0,1.0
GO:0045145,1.0,1.0
GO:0045148,1.0,1.0
GO:0045152,1.0,1.0
GO:0045182,1.0,1.0
GO:0045226,1.0,1.0
GO:0045227,1.0,1.0
GO:0045228,1.0,1.0
GO:0045252,1.0,1.0
GO:0045254,1.0,1.0
GO:0045259,1.0,1.0
GO:0045261,1.0,1.0
GO:0045263,1.0,1.0
GO:0045271,1.0,1.0
GO:0045272,1.0,1.0
GO:0045281,1.0,1.0
GO:0045282,1.0,1.0
GO:0045284,1.0,1.0
GO:0045330,1.0,1.0
GO:0045333,1.0,1.0
GO:0045337,1.0,1.0
GO:0045437,1.0,1.0
GO:0045454,1.0,1.0
GO:0045471,1.0,1.0
GO:0045490,0.3571428571428571,1.0
GO:0045493,1.0,1.0
GO:0045547,1.0,1.0
GO:0045717,1.0,1.0
GO:0045723,1.0,1.0
GO:0045727,0.3571428571428571,1.0
GO:0045732,1.0,1.0
GO:0045733,1.0,1.0
GO:0045819,1.0,1.0
GO:0045828,1.0,1.0
GO:0045848,1.0,1.0
GO:0045861,1.0,1.0
GO:0045862,1.0,1.0
GO:0045883,1.0,1.0
GO:0045892,0.6632961406587317,1.0
GO:0045893,0.18266788654021543,1.0
GO:0045900,1.0,1.0
GO:0045903,1.0,1.0
GO:0045911,1.0,1.0
GO:0045912,1.0,1.0
GO:0045913,1.0,1.0
GO:0045926,1.0,1.0
GO:0045936,1.0,1.0
GO:0045947,1.0,1.0
GO:0045948,1.0,1.0
GO:0045974,1.0,1.0
GO:0045975,1.0,1.0
GO:0046033,1.0,1.0
GO:0046037,1.0,1.0
GO:0046040,1.0,1.0
GO:0046047,1.0,1.0
GO:0046050,1.0,1.0
GO:0046052,1.0,1.0
GO:0046061,1.0,1.0
GO:0046067,1.0,1.0
GO:0046076,1.0,1.0
GO:0046081,1.0,1.0
GO:0046084,1.0,1.0
GO:0046086,1.0,1.0
GO:0046098,1.0,1.0
GO:0046100,1.0,1.0
GO:0046101,1.0,1.0
GO:0046103,1.0,1.0
GO:0046104,1.0,1.0
GO:0046113,1.0,1.0
GO:0046115,1.0,1.0
GO:0046124,1.0,1.0
GO:0046132,1.0,1.0
GO:0046133,1.0,1.0
GO:0046135,1.0,1.0
GO:0046166,1.0,1.0
GO:0046167,1.0,1.0
GO:0046168,1.0,1.0
GO:0046174,1.0,1.0
GO:0046176,1.0,1.0
GO:0046177,1.0,1.0
GO:0046181,1.0,1.0
GO:0046183,1.0,1.0
GO:0046187,1.0,1.0
GO:0046196,1.0,1.0
GO:0046203,1.0,1.0
GO:0046208,1.0,1.0
GO:0046210,1.0,1.0
GO:0046214,1.0,1.0
GO:0046256,1.0,1.0
GO:0046271,1.0,1.0
GO:0046279,1.0,1.0
GO:0046292,1.0,1.0
GO:0046294,1.0,1.0
GO:0046295,1.0,1.0
GO:0046296,1.0,1.0
GO:0046306,1.0,1.0
GO:0046316,1.0,1.0
GO:0046323,1.0,1.0
GO:0046325,1.0,1.0
GO:0046336,1.0,1.0
GO:0046342,1.0,1.0
GO:0046348,1.0,1.0
GO:0046365,1.0,1.0
GO:0046377,1.0,1.0
GO:0046386,1.0,1.0
GO:0046392,1.0,1.0
GO:0046394,1.0,1.0
GO:0046397,1.0,1.0
GO:0046411,1.0,1.0
GO:0046416,1.0,1.0
GO:0046417,1.0,1.0
GO:0046421,1.0,1.0
GO:0046428,1.0,1.0
GO:0046429,1.0,1.0
GO:0046452,1.0,1.0
GO:0046459,1.0,1.0
GO:0046470,1.0,1.0
GO:0046471,1.0,1.0
GO:0046474,1.0,1.0
GO:0046475,1.0,1.0
GO:0046487,1.0,1.0
GO:0046493,1.0,1.0
GO:0046496,1.0,1.0
GO:0046501,1.0,1.0
GO:0046537,1.0,1.0
GO:0046538,1.0,1.0
GO:0046553,1.0,1.0
GO:0046566,1.0,1.0
GO:0046583,1.0,1.0
GO:0046618,1.0,1.0
GO:0046653,1.0,1.0
GO:0046654,1.0,1.0
GO:0046655,1.0,1.0
GO:0046656,1.0,1.0
GO:0046657,1.0,1.0
GO:0046677,0.6520726786806893,1.0
GO:0046685,1.0,1.0
GO:0046686,1.0,1.0
GO:0046687,1.0,1.0
GO:0046688,1.0,1.0
GO:0046690,1.0,1.0
GO:0046710,1.0,1.0
GO:0046718,1.0,1.0
GO:0046777,1.0,1.0
GO:0046790,1.0,1.0
GO:0046813,1.0,1.0
GO:0046820,1.0,1.0
GO:0046835,1.0,1.0
GO:0046836,1.0,1.0
GO:0046839,1.0,1.0
GO:0046854,1.0,1.0
GO:0046857,1.0,1.0
GO:0046870,1.0,1.0
GO:0046872,0.6248306731478207,1.0
GO:0046873,1.0,1.0
GO:0046890,1.0,1.0
GO:0046901,1.0,1.0
GO:0046906,1.0,1.0
GO:0046912,1.0,1.0
GO:0046914,1.0,1.0
GO:0046917,1.0,1.0
GO:0046920,1.0,1.0
GO:0046930,1.0,1.0
GO:0046933,1.0,1.0
GO:0046936,1.0,1.0
GO:0046940,1.0,1.0
GO:0046942,1.0,1.0
GO:0046943,1.0,1.0
GO:0046952,1.0,1.0
GO:0046961,1.0,1.0
GO:0046982,1.0,1.0
GO:0046983,1.0,1.0
GO:0046990,1.0,1.0
GO:0047001,1.0,1.0
GO:0047029,1.0,1.0
GO:0047070,1.0,1.0
GO:0047106,1.0,1.0
GO:0047111,1.0,1.0
GO:0047134,1.0,1.0
GO:0047241,1.0,1.0
GO:0047270,1.0,1.0
GO:0047293,1.0,1.0
GO:0047324,1.0,1.0
GO:0047371,1.0,1.0
GO:0047372,1.0,1.0
GO:0047388,1.0,1.0
GO:0047389,1.0,1.0
GO:0047395,1.0,1.0
GO:0047405,1.0,1.0
GO:0047419,1.0,1.0
GO:0047429,1.0,1.0
GO:0047440,1.0,1.0
GO:0047450,1.0,1.0
GO:0047451,1.0,1.0
GO:0047456,1.0,1.0
GO:0047465,1.0,1.0
GO:0047475,1.0,1.0
GO:0047480,1.0,1.0
GO:0047527,1.0,1.0
GO:0047545,0.3571428571428571,1.0
GO:0047547,1.0,1.0
GO:0047559,1.0,1.0
GO:0047577,1.0,1.0
GO:0047589,1.0,1.0
GO:0047617,1.0,1.0
GO:0047622,1.0,1.0
GO:0047631,1.0,1.0
GO:0047639,1.0,1.0
GO:0047652,1.0,1.0
GO:0047661,1.0,1.0
GO:0047681,1.0,1.0
GO:0047693,1.0,1.0
GO:0047723,1.0,1.0
GO:0047724,1.0,1.0
GO:0047770,1.0,1.0
GO:0047804,1.0,1.0
GO:0047808,1.0,1.0
GO:0047809,1.0,1.0
GO:0047840,1.0,1.0
GO:0047917,1.0,1.0
GO:0047938,1.0,1.0
GO:0047952,1.0,1.0
GO:0047954,1.0,1.0
GO:0047975,1.0,1.0
GO:0047995,1.0,1.0
GO:0048001,1.0,1.0
GO:0048027,1.0,1.0
GO:0048029,1.0,1.0
GO:0048031,1.0,1.0
GO:0048034,1.0,1.0
GO:0048038,1.0,1.0
GO:0048039,1.0,1.0
GO:0048040,1.0,1.0
GO:0048255,1.0,1.0
GO:0048473,1.0,1.0
GO:0048476,1.0,1.0
GO:0048500,1.0,1.0
GO:0048502,1.0,1.0
GO:0048870,1.0,1.0
GO:0050032,1.0,1.0
GO:0050048,1.0,1.0
GO:0050081,1.0,1.0
GO:0050084,1.0,1.0
GO:0050089,1.0,1.0
GO:0050131,1.0,1.0
GO:0050136,0.536082474226804,1.0
GO:0050140,1.0,1.0
GO:0050145,1.0,1.0
GO:0050152,1.0,1.0
GO:0050163,1.0,1.0
GO:0050165,1.0,1.0
GO:0050176,1.0,1.0
GO:0050179,1.0,1.0
GO:0050218,1.0,1.0
GO:0050225,1.0,1.0
GO:0050236,1.0,1.0
GO:0050262,1.0,1.0
GO:0050263,1.0,1.0
GO:0050272,1.0,1.0
GO:0050286,1.0,1.0
GO:0050297,1.0,1.0
GO:0050308,1.0,1.0
GO:0050311,1.0,1.0
GO:0050340,1.0,1.0
GO:0050355,1.0,1.0
GO:0050380,1.0,1.0
GO:0050385,1.0,1.0
GO:0050401,1.0,1.0
GO:0050418,1.0,1.0
GO:0050427,1.0,1.0
GO:0050440,1.0,1.0
GO:0050446,1.0,1.0
GO:0050483,1.0,1.0
GO:0050484,1.0,1.0
GO:0050498,1.0,1.0
GO:0050511,1.0,1.0
GO:0050515,1.0,1.0
GO:0050518,1.0,1.0
GO:0050519,1.0,1.0
GO:0050526,1.0,1.0
GO:0050531,1.0,1.0
GO:0050568,1.0,1.0
GO:0050569,1.0,1.0
GO:0050570,1.0,1.0
GO:0050572,1.0,1.0
GO:0050577,1.0,1.0
GO:0050580,1.0,1.0
GO:0050626,1.0,1.0
GO:0050660,0.6520726786806893,1.0
GO:0050661,1.0,1.0
GO:0050667,1.0,1.0
GO:0050779,1.0,1.0
GO:0050821,1.0,1.0
GO:0050897,1.0,1.0
GO:0050918,1.0,1.0
GO:0050919,1.0,1.0
GO:0050920,1.0,1.0
GO:0050992,1.0,1.0
GO:0050997,1.0,1.0
GO:0051065,1.0,1.0
GO:0051073,1.0,1.0
GO:0051075,1.0,1.0
GO:0051082,1.0,1.0
GO:0051083,1.0,1.0
GO:0051085,1.0,1.0
GO:0051087,1.0,1.0
GO:0051090,1.0,1.0
GO:0051096,1.0,1.0
GO:0051103,0.3571428571428571,1.0
GO:0051108,1.0,1.0
GO:0051109,1.0,1.0
GO:0051117,1.0,1.0
GO:0051131,1.0,1.0
GO:0051143,1.0,1.0
GO:0051156,1.0,1.0
GO:0051191,1.0,1.0
GO:0051192,1.0,1.0
GO:0051205,1.0,1.0
GO:0051213,1.0,1.0
GO:0051224,1.0,1.0
GO:0051252,1.0,1.0
GO:0051258,1.0,1.0
GO:0051259,1.0,1.0
GO:0051260,1.0,1.0
GO:0051262,1.0,1.0
GO:0051266,1.0,1.0
GO:0051274,1.0,1.0
GO:0051276,0.536082474226804,1.0
GO:0051286,1.0,1.0
GO:0051287,0.28948821796759944,1.0
GO:0051289,1.0,1.0
GO:0051301,0.3571428571428571,1.0
GO:0051302,1.0,1.0
GO:0051304,1.0,1.0
GO:0051391,1.0,1.0
GO:0051392,1.0,1.0
GO:0051409,1.0,1.0
GO:0051410,1.0,1.0
GO:0051453,1.0,1.0
GO:0051454,1.0,1.0
GO:0051476,1.0,1.0
GO:0051479,1.0,1.0
GO:0051484,1.0,1.0
GO:0051494,1.0,1.0
GO:0051495,1.0,1.0
GO:0051499,1.0,1.0
GO:0051500,1.0,1.0
GO:0051518,1.0,1.0
GO:0051536,0.536082474226804,1.0
GO:0051537,1.0,1.0
GO:0051538,1.0,1.0
GO:0051539,0.08552054351716097,1.0
GO:0051540,1.0,1.0
GO:0051575,1.0,1.0
GO:0051595,1.0,1.0
GO:0051596,1.0,1.0
GO:0051599,1.0,1.0
GO:0051603,1.0,1.0
GO:0051604,1.0,1.0
GO:0051607,1.0,1.0
GO:0051649,1.0,1.0
GO:0051726,1.0,1.0
GO:0051745,1.0,1.0
GO:0051781,1.0,1.0
GO:0051782,1.0,1.0
GO:0051870,1.0,1.0
GO:0051871,1.0,1.0
GO:0051903,1.0,1.0
GO:0051908,1.0,1.0
GO:0051920,1.0,1.0
GO:0051977,1.0,1.0
GO:0051978,1.0,1.0
GO:0051983,1.0,1.0
GO:0051989,1.0,1.0
GO:0051991,1.0,1.0
GO:0051992,1.0,1.0
GO:0052131,1.0,1.0
GO:0052381,1.0,1.0
GO:0052588,1.0,1.0
GO:0052589,1.0,1.0
GO:0052595,1.0,1.0
GO:0052614,1.0,1.0
GO:0052621,1.0,1.0
GO:0052654,1.0,1.0
GO:0052655,1.0,1.0
GO:0052656,1.0,1.0
GO:0052657,1.0,1.0
GO:0052660,1.0,1.0
GO:0052661,1.0,1.0
GO:0052665,1.0,1.0
GO:0052673,1.0,1.0
GO:0052689,1.0,1.0
GO:0052693,1.0,1.0
GO:0052717,1.0,1.0
GO:0052733,1.0,1.0
GO:0052734,1.0,1.0
GO:0052737,1.0,1.0
GO:0052739,1.0,1.0
GO:0052740,1.0,1.0
GO:0052745,1.0,1.0
GO:0052751,1.0,1.0
GO:0052773,1.0,1.0
GO:0052777,1.0,1.0
GO:0052778,1.0,1.0
GO:0052816,1.0,1.0
GO:0052821,1.0,1.0
GO:0052822,1.0,1.0
GO:0052823,1.0,1.0
GO:0052832,1.0,1.0
GO:0052833,1.0,1.0
GO:0052837,1.0,1.0
GO:0052851,1.0,1.0
GO:0052855,1.0,1.0
GO:0052856,1.0,1.0
GO:0052857,1.0,1.0
GO:0052858,1.0,1.0
GO:0052865,1.0,1.0
GO:0052868,1.0,1.0
GO:0052873,1.0,1.0
GO:0052874,1.0,1.0
GO:0052875,1.0,1.0
GO:0052890,1.0,1.0
GO:0052906,1.0,1.0
GO:0052907,0.3571428571428571,1.0
GO:0052908,1.0,1.0
GO:0052911,1.0,1.0
GO:0052913,1.0,1.0
GO:0052914,1.0,1.0
GO:0052915,1.0,1.0
GO:0052916,1.0,1.0
GO:0055051,1.0,1.0
GO:0055052,0.2935431361909929,1.0
GO:0055070,1.0,1.0
GO:0055082,1.0,1.0
GO:0055085,0.7174089927909919,1.0
GO:0055086,1.0,1.0
GO:0055129,1.0,1.0
GO:0055130,1.0,1.0
GO:0060003,1.0,1.0
GO:0060090,0.3571428571428571,1.0
GO:0060187,1.0,1.0
GO:0060241,0.3571428571428571,1.0
GO:0060274,1.0,1.0
GO:0060326,1.0,1.0
GO:0060566,1.0,1.0
GO:0060567,1.0,1.0
GO:0060698,1.0,1.0
GO:0060699,1.0,1.0
GO:0061077,0.28948821796759944,1.0
GO:0061133,1.0,1.0
GO:0061157,1.0,1.0
GO:0061459,1.0,1.0
GO:0061463,1.0,1.0
GO:0061473,1.0,1.0
GO:0061475,1.0,1.0
GO:0061503,1.0,1.0
GO:0061504,1.0,1.0
GO:0061513,1.0,1.0
GO:0061522,1.0,1.0
GO:0061542,1.0,1.0
GO:0061593,1.0,1.0
GO:0061594,1.0,1.0
GO:0061595,1.0,1.0
GO:0061596,1.0,1.0
GO:0061598,1.0,1.0
GO:0061599,1.0,1.0
GO:0061602,1.0,1.0
GO:0061603,1.0,1.0
GO:0061605,1.0,1.0
GO:0061610,1.0,1.0
GO:0061615,1.0,1.0
GO:0061621,1.0,1.0
GO:0061627,1.0,1.0
GO:0061634,1.0,1.0
GO:0061677,1.0,1.0
GO:0061693,1.0,1.0
GO:0061694,1.0,1.0
GO:0061710,1.0,1.0
GO:0061711,1.0,1.0
GO:0061720,1.0,1.0
GO:0061727,1.0,1.0
GO:0061733,1.0,1.0
GO:0061787,1.0,1.0
GO:0061798,1.0,1.0
GO:0061799,1.0,1.0
GO:0061818,1.0,1.0
GO:0061928,1.0,1.0
GO:0061929,1.0,1.0
GO:0061980,0.3571428571428571,1.0
GO:0062054,1.0,1.0
GO:0062077,1.0,1.0
GO:0062155,1.0,1.0
GO:0062158,1.0,1.0
GO:0062192,1.0,1.0
GO:0062193,1.0,1.0
GO:0065002,1.0,1.0
GO:0065003,1.0,1.0
GO:0070006,1.0,1.0
GO:0070012,1.0,1.0
GO:0070025,1.0,1.0
GO:0070026,1.0,1.0
GO:0070038,1.0,1.0
GO:0070039,1.0,1.0
GO:0070040,1.0,1.0
GO:0070041,1.0,1.0
GO:0070042,1.0,1.0
GO:0070043,1.0,1.0
GO:0070063,0.3571428571428571,1.0
GO:0070069,1.0,1.0
GO:0070095,1.0,1.0
GO:0070178,1.0,1.0
GO:0070180,1.0,1.0
GO:0070181,1.0,1.0
GO:0070204,1.0,1.0
GO:0070205,1.0,1.0
GO:0070206,1.0,1.0
GO:0070207,1.0,1.0
GO:0070297,1.0,1.0
GO:0070298,1.0,1.0
GO:0070299,1.0,1.0
GO:0070301,0.3571428571428571,1.0
GO:0070329,1.0,1.0
GO:0070335,1.0,1.0
GO:0070401,1.0,1.0
GO:0070402,1.0,1.0
GO:0070403,1.0,1.0
GO:0070404,0.3571428571428571,1.0
GO:0070406,1.0,1.0
GO:0070415,1.0,1.0
GO:0070417,1.0,1.0
GO:0070469,1.0,1.0
GO:0070475,0.1251840942562592,1.0
GO:0070476,1.0,1.0
GO:0070482,1.0,1.0
GO:0070497,0.3571428571428571,1.0
GO:0070525,1.0,1.0
GO:0070538,1.0,1.0
GO:0070566,1.0,1.0
GO:0070568,1.0,1.0
GO:0070573,1.0,1.0
GO:0070574,1.0,1.0
GO:0070581,1.0,1.0
GO:0070588,1.0,1.0
GO:0070614,1.0,1.0
GO:0070626,1.0,1.0
GO:0070677,1.0,1.0
GO:0070678,1.0,1.0
GO:0070689,1.0,1.0
GO:0070716,1.0,1.0
GO:0070728,1.0,1.0
GO:0070733,1.0,1.0
GO:0070778,1.0,1.0
GO:0070814,1.0,1.0
GO:0070819,1.0,1.0
GO:0070905,0.3571428571428571,1.0
GO:0070929,1.0,1.0
GO:0070930,1.0,1.0
GO:0070968,1.0,1.0
GO:0070981,1.0,1.0
GO:0070987,1.0,1.0
GO:0070989,1.0,1.0
GO:0070991,1.0,1.0
GO:0071047,1.0,1.0
GO:0071111,1.0,1.0
GO:0071139,1.0,1.0
GO:0071172,1.0,1.0
GO:0071218,1.0,1.0
GO:0071230,1.0,1.0
GO:0071236,1.0,1.0
GO:0071237,1.0,1.0
GO:0071243,1.0,1.0
GO:0071248,1.0,1.0
GO:0071249,1.0,1.0
GO:0071250,1.0,1.0
GO:0071266,1.0,1.0
GO:0071269,1.0,1.0
GO:0071271,1.0,1.0
GO:0071276,1.0,1.0
GO:0071278,1.0,1.0
GO:0071280,1.0,1.0
GO:0071281,1.0,1.0
GO:0071284,1.0,1.0
GO:0071286,1.0,1.0
GO:0071287,1.0,1.0
GO:0071288,1.0,1.0
GO:0071289,1.0,1.0
GO:0071291,1.0,1.0
GO:0071292,1.0,1.0
GO:0071294,1.0,1.0
GO:0071310,1.0,1.0
GO:0071421,1.0,1.0
GO:0071422,1.0,1.0
GO:0071423,1.0,1.0
GO:0071424,1.0,1.0
GO:0071433,1.0,1.0
GO:0071453,1.0,1.0
GO:0071454,1.0,1.0
GO:0071456,1.0,1.0
GO:0071466,1.0,1.0
GO:0071467,1.0,1.0
GO:0071468,1.0,1.0
GO:0071470,1.0,1.0
GO:0071474,1.0,1.0
GO:0071475,1.0,1.0
GO:0071476,1.0,1.0
GO:0071500,1.0,1.0
GO:0071513,1.0,1.0
GO:0071518,1.0,1.0
GO:0071522,1.0,1.0
GO:0071555,0.3571428571428571,1.0
GO:0071577,1.0,1.0
GO:0071578,1.0,1.0
GO:0071667,1.0,1.0
GO:0071702,0.5505798969072165,1.0
GO:0071709,1.0,1.0
GO:0071713,1.0,1.0
GO:0071731,1.0,1.0
GO:0071732,1.0,1.0
GO:0071805,1.0,1.0
GO:0071806,1.0,1.0
GO:0071807,1.0,1.0
GO:0071871,1.0,1.0
GO:0071885,1.0,1.0
GO:0071890,1.0,1.0
GO:0071897,1.0,1.0
GO:0071916,1.0,1.0
GO:0071934,1.0,1.0
GO:0071944,1.0,1.0
GO:0071945,1.0,1.0
GO:0071949,0.3571428571428571,1.0
GO:0071951,1.0,1.0
GO:0071963,1.0,1.0
GO:0071967,1.0,1.0
GO:0071968,1.0,1.0
GO:0071972,1.0,1.0
GO:0071973,1.0,1.0
GO:0071977,1.0,1.0
GO:0071978,1.0,1.0
GO:0072344,1.0,1.0
GO:0072348,1.0,1.0
GO:0072488,1.0,1.0
GO:0072528,1.0,1.0
GO:0072531,1.0,1.0
GO:0072702,1.0,1.0
GO:0072711,1.0,1.0
GO:0072714,1.0,1.0
GO:0075713,1.0,1.0
GO:0080090,1.0,1.0
GO:0080111,1.0,1.0
GO:0080130,1.0,1.0
GO:0080135,1.0,1.0
GO:0080146,1.0,1.0
GO:0080176,1.0,1.0
GO:0089702,1.0,1.0
GO:0089705,1.0,1.0
GO:0089709,1.0,1.0
GO:0089714,1.0,1.0
GO:0089715,1.0,1.0
GO:0089718,1.0,1.0
GO:0090070,1.0,1.0
GO:0090071,1.0,1.0
GO:0090143,1.0,1.0
GO:0090313,1.0,1.0
GO:0090347,1.0,1.0
GO:0090357,1.0,1.0
GO:0090358,1.0,1.0
GO:0090452,1.0,1.0
GO:0090482,1.0,1.0
GO:0090483,1.0,1.0
GO:0090499,1.0,1.0
GO:0090529,1.0,1.0
GO:0090540,1.0,1.0
GO:0090549,1.0,1.0
GO:0090563,1.0,1.0
GO:0090564,1.0,1.0
GO:0090565,1.0,1.0
GO:0090566,1.0,1.0
GO:0090581,1.0,1.0
GO:0090582,1.0,1.0
GO:0090584,1.0,1.0
GO:0090585,1.0,1.0
GO:0090586,1.0,1.0
GO:0090588,1.0,1.0
GO:0090589,1.0,1.0
GO:0090605,1.0,1.0
GO:0090609,1.0,1.0
GO:0090729,1.0,1.0
GO:0097023,1.0,1.0
GO:0097047,1.0,1.0
GO:0097052,1.0,1.0
GO:0097054,1.0,1.0
GO:0097098,1.0,1.0
GO:0097159,1.0,1.0
GO:0097163,1.0,1.0
GO:0097171,1.0,1.0
GO:0097173,1.0,1.0
GO:0097175,1.0,1.0
GO:0097216,0.28948821796759944,1.0
GO:0097264,1.0,1.0
GO:0097266,1.0,1.0
GO:0097268,1.0,1.0
GO:0097304,1.0,1.0
GO:0097339,1.0,1.0
GO:0097347,1.0,1.0
GO:0097351,1.0,1.0
GO:0097367,1.0,1.0
GO:0097428,1.0,1.0
GO:0097495,1.0,1.0
GO:0097501,1.0,1.0
GO:0097510,1.0,1.0
GO:0097533,1.0,1.0
GO:0097588,1.0,1.0
GO:0097623,1.0,1.0
GO:0097638,1.0,1.0
GO:0097639,1.0,1.0
GO:0097657,1.0,1.0
GO:0097697,1.0,1.0
GO:0097718,1.0,1.0
GO:0098002,1.0,1.0
GO:0098531,1.0,1.0
GO:0098561,1.0,1.0
GO:0098567,1.0,1.0
GO:0098655,1.0,1.0
GO:0098656,1.0,1.0
GO:0098660,1.0,1.0
GO:0098708,1.0,1.0
GO:0098710,1.0,1.0
GO:0098711,1.0,1.0
GO:0098712,1.0,1.0
GO:0098716,1.0,1.0
GO:0098719,1.0,1.0
GO:0098721,1.0,1.0
GO:0098732,1.0,1.0
GO:0098775,1.0,1.0
GO:0098777,1.0,1.0
GO:0098795,1.0,1.0
GO:0098796,1.0,1.0
GO:0098797,1.0,1.0
GO:0098809,1.0,1.0
GO:0098847,1.0,1.0
GO:0098848,1.0,1.0
GO:0098869,1.0,1.0
GO:0099048,1.0,1.0
GO:0099513,1.0,1.0
GO:0099618,1.0,1.0
GO:0099619,1.0,1.0
GO:0099620,1.0,1.0
GO:0099621,1.0,1.0
GO:0101006,1.0,1.0
GO:0101030,1.0,1.0
GO:0102009,1.0,1.0
GO:0102025,1.0,1.0
GO:0102027,1.0,1.0
GO:0102028,1.0,1.0
GO:0102029,0.3571428571428571,1.0
GO:0102031,1.0,1.0
GO:0102039,1.0,1.0
GO:0102094,1.0,1.0
GO:0102130,1.0,1.0
GO:0102148,1.0,1.0
GO:0102198,1.0,1.0
GO:0102208,1.0,1.0
GO:0102250,1.0,1.0
GO:0102262,1.0,1.0
GO:0102264,1.0,1.0
GO:0102266,1.0,1.0
GO:0102391,1.0,1.0
GO:0102420,1.0,1.0
GO:0102480,1.0,1.0
GO:0102483,1.0,1.0
GO:0102499,1.0,1.0
GO:0102500,1.0,1.0
GO:0102545,1.0,1.0
GO:0102559,1.0,1.0
GO:0102635,1.0,1.0
GO:0102742,1.0,1.0
GO:0102752,1.0,1.0
GO:0102810,0.3571428571428571,1.0
GO:0102955,1.0,1.0
GO:0103015,1.0,1.0
GO:0103020,1.0,1.0
GO:0103023,1.0,1.0
GO:0103026,1.0,1.0
GO:0103031,1.0,1.0
GO:0103039,1.0,1.0
GO:0103043,1.0,1.0
GO:0103045,1.0,1.0
GO:0103046,1.0,1.0
GO:0103047,1.0,1.0
GO:0103068,1.0,1.0
GO:0103116,1.0,1.0
GO:0103117,1.0,1.0
GO:0103118,1.0,1.0
GO:0106004,1.0,1.0
GO:0106008,1.0,1.0
GO:0106009,1.0,1.0
GO:0106026,1.0,1.0
GO:0106029,1.0,1.0
GO:0106035,1.0,1.0
GO:0106044,1.0,1.0
GO:0106074,1.0,1.0
GO:0106099,1.0,1.0
GO:0106141,1.0,1.0
GO:0106226,1.0,1.0
GO:0106234,1.0,1.0
GO:0106251,1.0,1.0
GO:0106281,1.0,1.0
GO:0106300,1.0,1.0
GO:0106310,1.0,1.0
GO:0106312,1.0,1.0
GO:0106316,1.0,1.0
GO:0106321,1.0,1.0
GO:0106322,1.0,1.0
GO:0106343,1.0,1.0
GO:0106350,0.3571428571428571,1.0
GO:0106354,1.0,1.0
GO:0106366,1.0,1.0
GO:0106411,1.0,1.0
GO:0106415,1.0,1.0
GO:0106418,1.0,1.0
GO:0106430,1.0,1.0
GO:0106435,1.0,1.0
GO:0110001,1.0,1.0
GO:0110051,1.0,1.0
GO:0110052,1.0,1.0
GO:0110068,1.0,1.0
GO:0110095,1.0,1.0
GO:0110142,1.0,1.0
GO:0110147,1.0,1.0
GO:0110153,1.0,1.0
GO:0110154,0.3571428571428571,1.0
GO:0110155,1.0,1.0
GO:0120009,1.0,1.0
GO:0120010,1.0,1.0
GO:0120014,1.0,1.0
GO:0120029,1.0,1.0
GO:0120092,1.0,1.0
GO:0120101,1.0,1.0
GO:0120102,1.0,1.0
GO:0120107,1.0,1.0
GO:0120159,1.0,1.0
GO:0120232,1.0,1.0
GO:0120233,1.0,1.0
GO:0120241,1.0,1.0
GO:0120242,1.0,1.0
GO:0120243,1.0,1.0
GO:0120284,1.0,1.0
GO:0140009,1.0,1.0
GO:0140018,1.0,1.0
GO:0140032,1.0,1.0
GO:0140048,1.0,1.0
GO:0140078,1.0,1.0
GO:0140098,1.0,1.0
GO:0140114,1.0,1.0
GO:0140132,1.0,1.0
GO:0140205,1.0,1.0
GO:0140207,1.0,1.0
GO:0140271,1.0,1.0
GO:0140297,1.0,1.0
GO:0140303,1.0,1.0
GO:0140306,1.0,1.0
GO:0140315,1.0,1.0
GO:0140330,1.0,1.0
GO:0140359,1.0,1.0
GO:0140581,1.0,1.0
GO:0140640,1.0,1.0
GO:0140647,1.0,1.0
GO:0140658,1.0,1.0
GO:0140662,1.0,1.0
GO:0140663,1.0,1.0
GO:0140664,1.0,1.0
GO:0140673,0.3571428571428571,1.0
GO:0140677,1.0,1.0
GO:0140678,1.0,1.0
GO:0140690,1.0,1.0
GO:0140691,1.0,1.0
GO:0140696,1.0,1.0
GO:0140741,1.0,1.0
GO:0140824,1.0,1.0
GO:0140826,1.0,1.0
GO:0140911,1.0,1.0
GO:0140967,1.0,1.0
GO:0141098,1.0,1.0
GO:0141100,1.0,1.0
GO:0141102,1.0,1.0
GO:0160013,1.0,1.0
GO:0160016,1.0,1.0
GO:0160129,1.0,1.0
GO:0160136,1.0,1.0
GO:0160137,1.0,1.0
GO:0160138,1.0,1.0
GO:0160139,1.0,1.0
GO:0160140,1.0,1.0
GO:0160141,1.0,1.0
GO:0160142,1.0,1.0
GO:0160147,1.0,1.0
GO:0160148,1.0,1.0
GO:0160149,1.0,1.0
GO:0160150,1.0,1.0
GO:0160151,1.0,1.0
GO:0170057,1.0,1.0
GO:1900079,1.0,1.0
GO:1900081,1.0,1.0
GO:1900190,1.0,1.0
GO:1900191,1.0,1.0
GO:1900231,1.0,1.0
GO:1900232,1.0,1.0
GO:1900233,1.0,1.0
GO:1900372,1.0,1.0
GO:1900376,1.0,1.0
GO:1900378,1.0,1.0
GO:1900705,1.0,1.0
GO:1900727,1.0,1.0
GO:1900749,1.0,1.0
GO:1900750,1.0,1.0
GO:1900751,1.0,1.0
GO:1901135,1.0,1.0
GO:1901137,1.0,1.0
GO:1901264,1.0,1.0
GO:1901275,1.0,1.0
GO:1901276,1.0,1.0
GO:1901281,1.0,1.0
GO:1901359,1.0,1.0
GO:1901360,0.3571428571428571,1.0
GO:1901362,1.0,1.0
GO:1901367,1.0,1.0
GO:1901381,1.0,1.0
GO:1901422,1.0,1.0
GO:1901425,1.0,1.0
GO:1901505,1.0,1.0
GO:1901515,1.0,1.0
GO:1901530,1.0,1.0
GO:1901562,0.3571428571428571,1.0
GO:1901565,1.0,1.0
GO:1901605,1.0,1.0
GO:1901611,1.0,1.0
GO:1901612,1.0,1.0
GO:1901615,1.0,1.0
GO:1901642,1.0,1.0
GO:1901652,1.0,1.0
GO:1901663,1.0,1.0
GO:1901678,1.0,1.0
GO:1901681,1.0,1.0
GO:1901682,1.0,1.0
GO:1901800,1.0,1.0
GO:1901875,1.0,1.0
GO:1901891,1.0,1.0
GO:1901913,1.0,1.0
GO:1901973,1.0,1.0
GO:1901982,1.0,1.0
GO:1902021,1.0,1.0
GO:1902022,1.0,1.0
GO:1902047,1.0,1.0
GO:1902075,1.0,1.0
GO:1902201,1.0,1.0
GO:1902208,1.0,1.0
GO:1902209,1.0,1.0
GO:1902210,1.0,1.0
GO:1902270,1.0,1.0
GO:1902280,1.0,1.0
GO:1902328,1.0,1.0
GO:1902344,1.0,1.0
GO:1902358,1.0,1.0
GO:1902369,1.0,1.0
GO:1902421,1.0,1.0
GO:1902444,1.0,1.0
GO:1902475,1.0,1.0
GO:1902476,1.0,1.0
GO:1902494,1.0,1.0
GO:1902495,1.0,1.0
GO:1902503,1.0,1.0
GO:1902508,1.0,1.0
GO:1902515,1.0,1.0
GO:1902517,1.0,1.0
GO:1902555,1.0,1.0
GO:1902560,1.0,1.0
GO:1902599,1.0,1.0
GO:1902600,0.3571428571428571,1.0
GO:1902601,1.0,1.0
GO:1902603,1.0,1.0
GO:1902604,1.0,1.0
GO:1902626,1.0,1.0
GO:1902670,1.0,1.0
GO:1902687,1.0,1.0
GO:1902758,1.0,1.0
GO:1902760,1.0,1.0
GO:1902777,1.0,1.0
GO:1902815,1.0,1.0
GO:1902836,1.0,1.0
GO:1902912,1.0,1.0
GO:1903052,1.0,1.0
GO:1903066,1.0,1.0
GO:1903103,1.0,1.0
GO:1903228,1.0,1.0
GO:1903352,1.0,1.0
GO:1903401,1.0,1.0
GO:1903412,1.0,1.0
GO:1903424,1.0,1.0
GO:1903425,1.0,1.0
GO:1903457,1.0,1.0
GO:1903605,1.0,1.0
GO:1903607,1.0,1.0
GO:1903658,1.0,1.0
GO:1903692,1.0,1.0
GO:1903711,1.0,1.0
GO:1903712,1.0,1.0
GO:1903714,1.0,1.0
GO:1903785,1.0,1.0
GO:1903801,1.0,1.0
GO:1903803,1.0,1.0
GO:1903804,1.0,1.0
GO:1903805,1.0,1.0
GO:1903806,1.0,1.0
GO:1903810,1.0,1.0
GO:1903826,1.0,1.0
GO:1903830,1.0,1.0
GO:1903865,1.0,1.0
GO:1903966,1.0,1.0
GO:1903981,1.0,1.0
GO:1904047,1.0,1.0
GO:1904082,1.0,1.0
GO:1904176,1.0,1.0
GO:1904334,1.0,1.0
GO:1904583,1.0,1.0
GO:1904659,1.0,1.0
GO:1904680,1.0,1.0
GO:1904689,1.0,1.0
GO:1904823,1.0,1.0
GO:1904852,1.0,1.0
GO:1904949,1.0,1.0
GO:1904981,1.0,1.0
GO:1905039,1.0,1.0
GO:1905153,1.0,1.0
GO:1905348,1.0,1.0
GO:1905360,1.0,1.0
GO:1905368,1.0,1.0
GO:1905502,1.0,1.0
GO:1905647,1.0,1.0
GO:1905887,1.0,1.0
GO:1905906,1.0,1.0
GO:1990000,1.0,1.0
GO:1990002,1.0,1.0
GO:1990060,1.0,1.0
GO:1990061,1.0,1.0
GO:1990063,1.0,1.0
GO:1990065,1.0,1.0
GO:1990077,1.0,1.0
GO:1990078,1.0,1.0
GO:1990082,1.0,1.0
GO:1990084,1.0,1.0
GO:1990085,1.0,1.0
GO:1990097,1.0,1.0
GO:1990099,1.0,1.0
GO:1990100,1.0,1.0
GO:1990101,1.0,1.0
GO:1990102,1.0,1.0
GO:1990103,0.536082474226804,1.0
GO:1990107,1.0,1.0
GO:1990121,1.0,1.0
GO:1990133,1.0,1.0
GO:1990140,1.0,1.0
GO:1990145,0.3571428571428571,1.0
GO:1990148,0.3571428571428571,1.0
GO:1990154,1.0,1.0
GO:1990156,1.0,1.0
GO:1990158,1.0,1.0
GO:1990159,1.0,1.0
GO:1990160,1.0,1.0
GO:1990169,1.0,1.0
GO:1990177,1.0,1.0
GO:1990178,0.536082474226804,1.0
GO:1990189,1.0,1.0
GO:1990191,1.0,1.0
GO:1990193,1.0,1.0
GO:1990195,1.0,1.0
GO:1990196,1.0,1.0
GO:1990197,1.0,1.0
GO:1990198,1.0,1.0
GO:1990199,1.0,1.0
GO:1990201,1.0,1.0
GO:1990202,1.0,1.0
GO:1990204,1.0,1.0
GO:1990205,1.0,1.0
GO:1990207,1.0,1.0
GO:1990220,1.0,1.0
GO:1990221,1.0,1.0
GO:1990222,1.0,1.0
GO:1990228,1.0,1.0
GO:1990229,1.0,1.0
GO:1990230,1.0,1.0
GO:1990234,1.0,1.0
GO:1990235,1.0,1.0
GO:1990238,1.0,1.0
GO:1990275,1.0,1.0
GO:1990281,1.0,1.0
GO:1990329,1.0,1.0
GO:1990330,1.0,1.0
GO:1990351,1.0,1.0
GO:1990362,1.0,1.0
GO:1990391,1.0,1.0
GO:1990397,1.0,1.0
GO:1990451,1.0,1.0
GO:1990481,1.0,1.0
GO:1990497,1.0,1.0
GO:1990531,1.0,1.0
GO:1990532,1.0,1.0
GO:1990539,1.0,1.0
GO:1990586,1.0,1.0
GO:1990587,1.0,1.0
GO:1990588,1.0,1.0
GO:1990610,1.0,1.0
GO:1990641,1.0,1.0
GO:1990710,1.0,1.0
GO:1990817,1.0,1.0
GO:1990827,1.0,1.0
GO:1990829,1.0,1.0
GO:1990837,1.0,1.0
GO:1990904,1.0,1.0
GO:1990929,1.0,1.0
GO:1990961,0.3571428571428571,1.0
GO:2000104,1.0,1.0
GO:2000142,0.3571428571428571,1.0
GO:2000143,1.0,1.0
GO:2000144,0.3571428571428571,1.0
GO:2000145,1.0,1.0
GO:2000186,1.0,1.0
GO:2000245,1.0,1.0
GO:2000766,1.0,1.0
GO:2000767,1.0,1.0
GO:2000892,1.0,1.0
GO:2001008,1.0,1.0
GO:2001023,1.0,1.0
GO:2001059,1.0,1.0
GO:2001061,1.0,1.0
GO:2001125,1.0,1.0
GO:2001251,1.0,1.0
GO:2001295,1.0,1.0
GO:2001315,1.0,1.0
